2026-05-26 17:41:22 | INFO     | scheduler | 
2026-05-26 17:41:22 | INFO     | scheduler | ============================================================
2026-05-26 17:41:22 | INFO     | scheduler | GEM BID SCRAPER SCHEDULER STARTED
2026-05-26 17:41:22 | INFO     | scheduler | Interval: every 60 minutes
2026-05-26 17:41:22 | INFO     | scheduler | Database: D:\Projects\gem_scraper\storage\gem_bids.db
2026-05-26 17:41:22 | INFO     | scheduler | ============================================================
2026-05-26 17:41:22 | INFO     | scheduler | 
▶  Run started at 2026-05-26 17:41:22
2026-05-26 18:03:25 | INFO     | scheduler | 
2026-05-26 18:03:25 | INFO     | scheduler | 🆕  NEW BIDS DETECTED THIS RUN
2026-05-26 18:03:25 | INFO     | scheduler | ============================================================
2026-05-26 18:03:25 | INFO     | scheduler |   [Single Tender] GEM/2026/B/7517987 | which regular GeM categories are available (unless | Dept: Energy Department Uttar Pradesh | End: 26-05-2026 21:00:00
2026-05-26 18:03:25 | INFO     | scheduler |   [Single Tender] GEM/2026/B/7520545 | which regular GeM categories are available (unless | Dept: Energy Department Uttar Pradesh | End: 26-05-2026 21:00:00
2026-05-26 18:03:25 | INFO     | scheduler |   [Single Tender] GEM/2026/B/7501945 | which regular GeM categories are available (unless | Dept: Department Of Defence Production | End: 26-05-2026 21:00:00
2026-05-26 18:03:25 | INFO     | scheduler |   [Single Tender] GEM/2026/B/7518093 | which regular GeM categories are available (unless | Dept: Energy Department Uttar Pradesh | End: 26-05-2026 20:00:00
2026-05-26 18:03:25 | INFO     | scheduler |   [Single Tender] GEM/2026/B/7518305 | which regular GeM categories are available (unless | Dept: Energy Department Uttar Pradesh | End: 26-05-2026 20:00:00
2026-05-26 18:03:25 | INFO     | scheduler |   [Single Tender] GEM/2026/B/7520859 | which regular GeM categories are available (unless | Dept: Energy Department Uttar Pradesh | End: 26-05-2026 20:00:00
2026-05-26 18:03:25 | INFO     | scheduler |   [Single Tender] GEM/2026/B/7512626 | which regular GeM categories are available (unless | Dept: Energy Department Uttar Pradesh | End: 23-05-2026 20:00:00
2026-05-26 18:03:25 | INFO     | scheduler |   [Single Tender] GEM/2026/B/7579099 | which regular GeM categories are available (unless | Dept: Hindustan Copper Limited | End: 26-05-2026 19:00:00
2026-05-26 18:03:25 | INFO     | scheduler |   [Single Tender] GEM/2026/B/7546274 | details, | Dept: Department Of Heavy Industry | End: 26-05-2026 19:00:00
2026-05-26 18:03:25 | INFO     | scheduler |   [Single Tender] GEM/2026/B/7501467 | which regular GeM categories are available (unless | Dept: Contracts And Materials | End: 19-05-2026 19:00:00
2026-05-26 18:03:25 | INFO     | scheduler |   [Limited Tender] GEM/2026/B/7311446 | outside the GeM system. V | Dept: Power Grid Corporation Of India Limited | End: 18-05-2026 11:00:00
2026-05-26 18:03:25 | INFO     | scheduler |   [Limited Tender] GEM/2026/B/7520307 | which regular GeM categories are available (unless | Dept: Urban Development And Environment Depart | End: 23-05-2026 20:00:00
2026-05-26 18:03:25 | INFO     | scheduler |   [Limited Tender] GEM/2026/B/7519521 | which regular GeM categories are available (unless | Dept: Na | End: 23-05-2026 19:00:00
2026-05-26 18:03:25 | INFO     | scheduler |   [Limited Tender] GEM/2026/B/7524635 | which regular GeM categories are available (unless | Dept: Na | End: 26-05-2026 18:00:00
2026-05-26 18:03:25 | INFO     | scheduler |   [Limited Tender] GEM/2026/B/7578341 | which regular GeM categories are available (unless | Dept: Department Of Heavy Industry | End: 26-05-2026 18:00:00
2026-05-26 18:03:25 | INFO     | scheduler |   [Limited Tender] GEM/2026/B/7552342 | which regular GeM categories are available (unless | Dept: Indian Oil Corporation Limited | End: 26-05-2026 18:00:00
2026-05-26 18:03:25 | INFO     | scheduler |   [Limited Tender] GEM/2026/B/7560267 | which regular GeM categories are available (unless | Dept: Coal India Limited | End: 26-05-2026 18:00:00
2026-05-26 18:03:25 | INFO     | scheduler |   [Limited Tender] GEM/2026/B/7531528 | which regular GeM categories are available (unless | Dept: Department Of Heavy Industry | End: 23-05-2026 18:00:00
2026-05-26 18:03:25 | INFO     | scheduler |   [Limited Tender] GEM/2026/B/7501526 | which regular GeM categories are available (unless | Dept: Medical Education Department Uttar Prade | End: 26-05-2026 18:00:00
2026-05-26 18:03:25 | INFO     | scheduler |   [Limited Tender] GEM/2026/B/7501559 | per requirement of SAIL-RSP. The order | Dept: Steel Authority Of India Limited | End: 21-05-2026 18:00:00
2026-05-26 18:03:25 | INFO     | scheduler |   [Global Tender] GEM/2026/B/7588495 | GlobalT | Dept: Department Of Earth Sciences | End: 25-06-2026 11:00:00
2026-05-26 18:03:25 | INFO     | scheduler |   [Global Tender] GEM/2026/B/7499373 | GlobalT | Dept: Department Of Space | End: 25-05-2026 16:00:00
2026-05-26 18:03:25 | INFO     | scheduler |   [Global Tender] GEM/2026/B/7530104 | GlobalT | Dept: Department Of Health And Family Welfare | End: 16-06-2026 16:00:00
2026-05-26 18:03:25 | INFO     | scheduler |   [Global Tender] GEM/2026/B/7475057 | GlobalT | Dept: Department Of Earth Sciences | End: 10-06-2026 15:00:00
2026-05-26 18:03:25 | INFO     | scheduler |   [Global Tender] GEM/2026/B/7560028 | GlobalT | Dept: Department Of Space | End: 10-06-2026 12:00:00
2026-05-26 18:03:25 | INFO     | scheduler |   [Global Tender] GEM/2026/B/7429899 | GlobalT | Dept: Department Of Scientific And Industrial  | End: 18-05-2026 15:00:00
2026-05-26 18:03:25 | INFO     | scheduler |   [Global Tender] GEM/2026/B/7509648 | GlobalT | Dept: Department Of Health And Family Welfare | End: 03-06-2026 10:00:00
2026-05-26 18:03:25 | INFO     | scheduler |   [Global Tender] GEM/2026/B/7473435 | GlobalT | Dept: Department Of Space | End: 25-05-2026 16:00:00
2026-05-26 18:03:25 | INFO     | scheduler |   [Global Tender] GEM/2026/B/7465807 | GlobalT | Dept: Department Of Health Research | End: 14-05-2026 13:00:00
2026-05-26 18:03:25 | INFO     | scheduler |   [Rate Contract Bids] GEM/2026/B/7544252 | not be considered. 14 / 17 (b) | Dept: Health And Family Welfare Department Del | End: 29-05-2026 14:00:00
2026-05-26 18:03:25 | INFO     | scheduler |   [Rate Contract Bids] GEM/2026/B/7532717 | which regular GeM categories are 27 / 29 available | Dept: Urban Development And Housing Department | End: 28-05-2026 14:00:00
2026-05-26 18:03:25 | INFO     | scheduler |   [Rate Contract Bids] GEM/2026/B/7525919 | and socketed in random length of 4 to 7 m with IS  | Dept: Uttar Pradesh Cooperative Sugar Factorie | End: 28-05-2026 13:00:00
2026-05-26 18:03:25 | INFO     | scheduler |   [Rate Contract Bids] GEM/2026/B/7526325 | solid drawn 70 isto 30 Alloy New Brass tubes heat  | Dept: Uttar Pradesh Cooperative Sugar Factorie | End: 28-05-2026 13:00:00
2026-05-26 18:03:25 | INFO     | scheduler |   [Rate Contract Bids] GEM/2026/B/7514993 | powder , Lime powder , Rubber Gloves , Phenyle Bla | Dept: Urban Development Directorate Of Uttarak | End: 28-05-2026 11:00:00
2026-05-26 18:03:25 | INFO     | scheduler |   [Rate Contract Bids] GEM/2026/B/7488203 | which regular GeM categories are available (unless | Dept: Cane Development (ganna Vikas Vibhag) De | End: 21-05-2026 11:00:00
2026-05-26 18:03:25 | INFO     | scheduler |   [Rate Contract Bids] GEM/2026/B/7509634 | which regular GeM categories are available (unless | Dept: Cane Development (ganna Vikas Vibhag) De | End: 27-05-2026 17:00:00
2026-05-26 18:03:25 | INFO     | scheduler |   [Rate Contract Bids] GEM/2026/B/7509230 | which regular GeM categories are available (unless | Dept: Airports Authority Of India (aai) | End: 27-05-2026 16:00:00
2026-05-26 18:03:25 | INFO     | scheduler |   [Rate Contract Bids] GEM/2026/B/7479083 | which regular GeM categories are available (unless | Dept: Cane Development (ganna Vikas Vibhag) De | End: 27-05-2026 10:00:00
2026-05-26 18:03:25 | INFO     | scheduler |   [Rate Contract Bids] GEM/2026/B/7514614 | not lifted within a month, the same will be destro | Dept: Urban Development Directorate Of Uttarak | End: 26-05-2026 21:00:00
2026-05-26 18:03:25 | INFO     | scheduler |   [BOQ Bids] GEM/2026/B/7506622 | and fixing surf board , Providing and fixing Tripa | Dept: Urban Development Department | End: 26-05-2026 18:00:00
2026-05-26 18:03:25 | INFO     | scheduler |   [BOQ Bids] GEM/2026/B/7501124 | which regular GeM categories are available (unless | Dept: Department Of Agricultural Research And  | End: 26-05-2026 18:00:00
2026-05-26 18:03:25 | INFO     | scheduler |   [BOQ Bids] GEM/2026/B/7492610 | which regular GeM categories are available (unless | Dept: Na | End: 16-05-2026 18:00:00
2026-05-26 18:03:25 | INFO     | scheduler |   [BOQ Bids] GEM/2026/B/7494843 | which regular GeM categories are available (unless | Dept: Department Of Military Affairs | End: 16-05-2026 18:00:00
2026-05-26 18:03:25 | INFO     | scheduler |   [BOQ Bids] GEM/2026/B/7497122 | which regular GeM categories are available (unless | Dept: Indian Oil Corporation Limited | End: 12-05-2026 18:00:00
2026-05-26 18:03:25 | INFO     | scheduler |   [BOQ Bids] GEM/2026/B/7499633 | Anti Rabies Vaccine zero point five ml , Adrenalin | Dept: Urban Development Department | End: 19-05-2026 18:00:00
2026-05-26 18:03:25 | INFO     | scheduler |   [BOQ Bids] GEM/2026/B/7501045 | BALL JOINT MAHINDRA PART NO 0027510 , LOWER BALL J | Dept: Department Of Defence | End: 19-05-2026 18:00:00
2026-05-26 18:03:25 | INFO     | scheduler |   [BOQ Bids] GEM/2026/B/7510269 | which regular GeM categories are available (unless | Dept: Energy Department Uttar Pradesh | End: 21-05-2026 18:00:00
2026-05-26 18:03:25 | INFO     | scheduler |   [BOQ Bids] GEM/2026/B/7514716 | which regular GeM categories are available (unless | Dept: Urban Development Department Uttar Prade | End: 22-05-2026 18:00:00
2026-05-26 18:03:25 | INFO     | scheduler |   [BOQ Bids] GEM/2026/B/7514898 | which regular GeM categories are available (unless | Dept: Urban Development Department Uttar Prade | End: 22-05-2026 18:00:00
2026-05-26 18:03:25 | INFO     | scheduler |   [Product Custom Bid/RAs] GEM/2026/B/7498190 | Nomenclature, Quality Assurance | Dept: Department Of Defence Production | End: 26-05-2026 18:00:00
2026-05-26 18:03:25 | INFO     | scheduler |   [Product Custom Bid/RAs] GEM/2026/B/7500220 | which regular GeM categories are available (unless | Dept: Department Of Higher Education | End: 26-05-2026 18:00:00
2026-05-26 18:03:25 | INFO     | scheduler |   [Product Custom Bid/RAs] GEM/2026/B/7500250 | which regular GeM categories are available (unless | Dept: Steel Authority Of India Limited | End: 26-05-2026 18:00:00
2026-05-26 18:03:25 | INFO     | scheduler |   [Product Custom Bid/RAs] GEM/2026/B/7501435 | which regular GeM categories are available (unless | Dept: Na | End: 26-05-2026 18:00:00
2026-05-26 18:03:25 | INFO     | scheduler |   [Product Custom Bid/RAs] GEM/2026/B/7501521 | which regular GeM categories are available (unless | Dept: Department Of Higher Education | End: 26-05-2026 18:00:00
2026-05-26 18:03:25 | INFO     | scheduler |   [Product Custom Bid/RAs] GEM/2026/B/7502651 | which regular GeM categories are available (unless | Dept: Department Of Higher Education | End: 26-05-2026 18:00:00
2026-05-26 18:03:25 | INFO     | scheduler |   [Product Custom Bid/RAs] GEM/2026/B/7503109 | SAF. V | Dept: Department Of Defence Production | End: 26-05-2026 18:00:00
2026-05-26 18:03:25 | INFO     | scheduler |   [Product Custom Bid/RAs] GEM/2026/B/7504206 | which regular GeM categories are available (unless | Dept: Department Of Military Affairs | End: 26-05-2026 18:00:00
2026-05-26 18:03:25 | INFO     | scheduler |   [Product Custom Bid/RAs] GEM/2026/B/7504365 | which regular GeM categories are available (unless | Dept: Department Of Military Affairs | End: 26-05-2026 18:00:00
2026-05-26 18:03:25 | INFO     | scheduler |   [Product Custom Bid/RAs] GEM/2025/B/6812056 | which regular GeM categories are available without | Dept: Department Of Heavy Industry | End: 12-11-2025 16:00:00
2026-05-26 18:03:25 | INFO     | scheduler |   [Bid To RAs] GEM/2026/B/7461528 | which regular GeM categories are available (unless | Dept: Nmdc Steel Limited | End: 02-05-2026 15:00:00
2026-05-26 18:03:25 | INFO     | scheduler |   [Bid To RAs] GEM/2026/B/7485827 | which regular GeM categories are available (unless | Dept: Department Of Military Affairs | End: 05-05-2026 20:00:00
2026-05-26 18:03:25 | INFO     | scheduler |   [Bid To RAs] GEM/2026/B/7268255 | against above p urchase orders has no adverse repo | Dept: Steel Authority Of India Limited | End: 13-03-2026 20:00:00
2026-05-26 18:03:25 | INFO     | scheduler |   [Bid To RAs] GEM/2025/B/6937012 | any other makes as per the t echnical specificatio | Dept: Nmdc Steel Limited | End: 18-12-2025 19:00:00
2026-05-26 18:03:25 | INFO     | scheduler |   [Bid To RAs] GEM/2026/B/7417029 | not delivered on time, the supply order will be ca | Dept: Department Of Military Affairs | End: 15-05-2026 11:00:00
2026-05-26 18:03:25 | INFO     | scheduler |   [Bid To RAs] GEM/2026/B/7513146 | thread of screw to be protected with EPE foam shee | Dept: Department Of Heavy Industry | End: 18-05-2026 17:00:00
2026-05-26 18:03:25 | INFO     | scheduler |   [Bid To RAs] GEM/2026/B/7432560 | Tender document View T | Dept: Na | End: 01-05-2026 14:00:00
2026-05-26 18:03:25 | INFO     | scheduler |   [Bid To RAs] GEM/2026/B/7382732 | tendered item (s) for which the t | Dept: Rashtriya Ispat Nigam Limited | End: 11-04-2026 12:00:00
2026-05-26 18:03:25 | INFO     | scheduler |   [Bid To RAs] GEM/2026/B/7523628 | which regular GeM categories are available (unless | Dept: Department Of Defence | End: 22-05-2026 17:00:00
2026-05-26 18:03:25 | INFO     | scheduler |   [Bid To RAs] GEM/2026/B/7482709 | WISE, LOT WISE ORDER VALUE OF PO ANY DEVIATION FRO | Dept: Department Of Heavy Industry | End: 08-05-2026 21:00:00
2026-05-26 18:03:25 | INFO     | scheduler |   [Service Bid/RAs] GEM/2026/B/7460256 | which regular GeM categories are available (unless | Dept: Department Of Military Affairs | End: 26-05-2026 18:00:00
2026-05-26 18:03:25 | INFO     | scheduler |   [Service Bid/RAs] GEM/2026/B/7462785 | which regular GeM categories are available (unless | Dept: Department Of Defence | End: 26-05-2026 18:00:00
2026-05-26 18:03:25 | INFO     | scheduler |   [Service Bid/RAs] GEM/2026/B/7479037 | which regular GeM categories are available (unless | Dept: Indian Railways | End: 26-05-2026 18:00:00
2026-05-26 18:03:25 | INFO     | scheduler |   [Service Bid/RAs] GEM/2026/B/7481350 | which regular GeM categories are available (unless | Dept: Na | End: 26-05-2026 18:00:00
2026-05-26 18:03:25 | INFO     | scheduler |   [Service Bid/RAs] GEM/2026/B/7499285 | which regular GeM categories are available (unless | Dept: Indian Railways | End: 26-05-2026 18:00:00
2026-05-26 18:03:25 | INFO     | scheduler |   [Service Bid/RAs] GEM/2026/B/7503480 | which regular GeM categories are available (unless | Dept: Coal India Limited | End: 26-05-2026 18:00:00
2026-05-26 18:03:25 | INFO     | scheduler |   [Service Bid/RAs] GEM/2026/B/7504185 | which regular GeM categories are available (unless | Dept: Department Of Food And Public Distributi | End: 26-05-2026 18:00:00
2026-05-26 18:03:25 | INFO     | scheduler |   [Service Bid/RAs] GEM/2026/B/7303430 | which regular GeM categories are available without | Dept: Commercial Taxes Department, Uttarakhand | End: 25-03-2026 16:00:00
2026-05-26 18:03:25 | INFO     | scheduler |   [Service Bid/RAs] GEM/2026/B/7086556 | which regular GeM categories are available without | Dept: Department Of Defence Research & Develop | End: 19-03-2026 12:00:00
2026-05-26 18:03:25 | INFO     | scheduler |   [Service Bid/RAs] GEM/2026/B/7477050 | which regular GeM categories are available (unless | Dept: Secondary Education Department Uttar Pra | End: 05-05-2026 16:00:00
2026-05-26 18:03:25 | INFO     | scheduler |   [Product Bid/RAs] GEM/2026/B/7120696 | against this bid. 11) | Dept: Steel Authority Of India Limited | End: 23-02-2026 11:00:00
2026-05-26 18:03:25 | INFO     | scheduler |   [Product Bid/RAs] GEM/2025/B/6859671 | be of | Dept: Department Of Military Affairs | End: 26-12-2025 18:00:00
2026-05-26 18:03:25 | INFO     | scheduler |   [Product Bid/RAs] GEM/2026/B/7463 | Specification | Dept: Steel Authority Of India Limited | End: 04-05-2026 14:00:00
2026-05-26 18:03:25 | INFO     | scheduler |   [Product Bid/RAs] GEM/2026/B/7460517 | TENDER DOCUMENT, SCOPE OF WORKS View THIS T | Dept: Na | End: 12-05-2026 14:00:00
2026-05-26 18:03:25 | INFO     | scheduler |   [Product Bid/RAs] GEM/2025/B/7008160 | per bid) and location of value addition are clearl | Dept: Department Of Atomic Energy | End: 28-01-2026 14:00:00
2026-05-26 18:03:25 | INFO     | scheduler |   [Product Bid/RAs] GEM/2025/B/7021779 | which regular GeM categories are available without | Dept: Materials | End: 19-01-2026 10:00:00
2026-05-26 18:03:25 | INFO     | scheduler |   [Product Bid/RAs] GEM/2026/B/7465610 | the T | Dept: Department Of Heavy Industry | End: 02-05-2026 15:00:00
2026-05-26 18:03:25 | INFO     | scheduler |   [Product Bid/RAs] GEM/2025/B/6996014 | which regular GeM categories are available without | Dept: Department Of Military Affairs | End: 07-02-2026 13:00:00
2026-05-26 18:03:25 | INFO     | scheduler |   [Product Bid/RAs] GEM/2026/B/7502063 | which regular GeM categories are available (unless | Dept: Department Of Heavy Industry | End: 15-05-2026 14:00:00
2026-05-26 18:03:25 | INFO     | scheduler |   [Product Bid/RAs] GEM/2026/B/7306031 | the NIT. No | Dept: Department Of Heavy Industry | End: 23-03-2026 15:00:00
2026-05-26 18:03:25 | INFO     | scheduler | ============================================================
2026-05-26 18:03:25 | INFO     | scheduler |   Total new: 89
2026-05-26 18:03:25 | INFO     | scheduler | 
⏱  Next run at 19:03:25 (in 60 min). Press Ctrl+C to stop.
2026-05-26 18:06:43 | INFO     | scheduler | Shutdown signal received — stopping after current run.
2026-05-26 18:06:44 | INFO     | scheduler | Scheduler stopped.
2026-05-27 15:14:19 | INFO     | scheduler | 
2026-05-27 15:14:19 | INFO     | scheduler | ============================================================
2026-05-27 15:14:19 | INFO     | scheduler | GEM BID SCRAPER SCHEDULER STARTED
2026-05-27 15:14:19 | INFO     | scheduler | Interval: every 60 minutes
2026-05-27 15:14:19 | INFO     | scheduler | Database: D:\Projects\gem_scraper\storage\gem_bids.db
2026-05-27 15:14:19 | INFO     | scheduler | ============================================================
2026-05-27 15:14:19 | INFO     | scheduler | 
▶  Run started at 2026-05-27 15:14:19
2026-05-27 15:40:03 | INFO     | scheduler | 
2026-05-27 15:40:03 | INFO     | scheduler | 🆕  NEW BIDS DETECTED THIS RUN
2026-05-27 15:40:03 | INFO     | scheduler | ============================================================
2026-05-27 15:40:03 | INFO     | scheduler |   [Single Tender] GEM/2026/B/7540641 | which regular GeM categories are available (unless | Dept: Gail India Limited | End: 27-05-2026 17:00:00
2026-05-27 15:40:03 | INFO     | scheduler |   [Single Tender] GEM/2026/B/7517979 | which regular GeM categories are available (unless | Dept: Energy Department Uttar Pradesh | End: 27-05-2026 17:00:00
2026-05-27 15:40:03 | INFO     | scheduler |   [Single Tender] GEM/2026/B/7475874 | no.7 with the supply. 4. | Dept: Energy And Petro Chemicals Department Gu | End: 27-05-2026 17:00:00
2026-05-27 15:40:03 | INFO     | scheduler |   [Single Tender] GEM/2026/B/7521289 | 1.0-1.6A , 4-6.3 AMPS, 3 POLE -MPCB , MPCB 7-10A , | Dept: Energy Department Uttar Pradesh | End: 27-05-2026 17:00:00
2026-05-27 15:40:03 | INFO     | scheduler |   [Single Tender] GEM/2026/B/7508743 | which regular GeM categories are available (unless | Dept: Department Of Military Affairs | End: 27-05-2026 17:00:00
2026-05-27 15:40:03 | INFO     | scheduler |   [Single Tender] GEM/2026/B/7509507 | portion. While taking such action the defaulting v | Dept: Contracts And Materials | End: 27-05-2026 17:00:00
2026-05-27 15:40:03 | INFO     | scheduler |   [Single Tender] GEM/2026/B/7470435 | which regular GeM categories are available (unless | Dept: Indian Oil Corporation Limited | End: 27-05-2026 16:00:00
2026-05-27 15:40:03 | INFO     | scheduler |   [Single Tender] GEM/2026/B/7531412 | which regular GeM categories are available (unless | Dept: Bharat Petroleum Corporation Ltd | End: 27-05-2026 16:00:00
2026-05-27 15:40:03 | INFO     | scheduler |   [Single Tender] GEM/2026/B/7456044 | question for the purpose of comparing their prices | Dept: Department Of Military Affairs | End: 27-05-2026 16:00:00
2026-05-27 15:40:03 | INFO     | scheduler |   [Single Tender] GEM/2026/B/7509445 | which regular GeM categories are available (unless | Dept: Indian Oil Corporation Limited | End: 27-05-2026 16:00:00
2026-05-27 15:40:03 | INFO     | scheduler |   [Limited Tender] GEM/2026/B/7522173 | which regular GeM categories are available (unless | Dept: Energy Department Uttar Pradesh | End: 27-05-2026 19:00:00
2026-05-27 15:40:03 | INFO     | scheduler |   [Limited Tender] GEM/2026/B/7522041 | which regular GeM categories are available (unless | Dept: Energy Department Uttar Pradesh | End: 27-05-2026 18:00:00
2026-05-27 15:40:03 | INFO     | scheduler |   [Limited Tender] GEM/2026/B/7479274 | SEAL LEAF HE SH 2.5X145X1295MM , INBOARD SEAL LEAF | Dept: Energy Department Uttar Pradesh | End: 22-05-2026 17:00:00
2026-05-27 15:40:03 | INFO     | scheduler |   [Limited Tender] GEM/2026/B/7565146 | which regular GeM categories are available (unless | Dept: Department Of Heavy Industry | End: 27-05-2026 17:00:00
2026-05-27 15:40:03 | INFO     | scheduler |   [Limited Tender] GEM/2026/B/7520337 | which regular GeM categories are available (unless | Dept: Department Of Financial Services | End: 22-05-2026 16:00:00
2026-05-27 15:40:03 | INFO     | scheduler |   [Limited Tender] GEM/2026/B/7466047 | offered, compliance w ith the required specificati | Dept: Department Of Space | End: 20-05-2026 16:00:00
2026-05-27 15:40:03 | INFO     | scheduler |   [Limited Tender] GEM/2026/B/7484529 | which regular GeM categories are available (unless | Dept: Materials | End: 13-05-2026 16:00:00
2026-05-27 15:40:03 | INFO     | scheduler |   [Limited Tender] GEM/2026/B/7535480 | which regular GeM categories are available (unless | Dept: Indian Oil Corporation Limited | End: 27-05-2026 16:00:00
2026-05-27 15:40:03 | INFO     | scheduler |   [Limited Tender] GEM/2026/B/7545615 | which regular GeM categories are available (unless | Dept: Department Of Defence Production | End: 27-05-2026 16:00:00
2026-05-27 15:40:03 | INFO     | scheduler |   [Limited Tender] GEM/2026/B/7480568 | which regular GeM categories are available (unless | Dept: Urban Development And Environment Depart | End: 27-05-2026 17:00:00
2026-05-27 15:40:03 | INFO     | scheduler |   [Rate Contract Bids] GEM/2026/B/7496302 | which regular GeM categories are available (unless | Dept: Cane Development (ganna Vikas Vibhag) De | End: 23-05-2026 14:00:00
2026-05-27 15:40:03 | INFO     | scheduler |   [Rate Contract Bids] GEM/2026/B/7465759 | not allowed to participate and/ or compete in proc | Dept: Cane Development (ganna Vikas Vibhag) De | End: 15-05-2026 15:00:00
2026-05-27 15:40:03 | INFO     | scheduler |   [BOQ Bids] GEM/2026/B/7526630 | which regular GeM categories are available (unless | Dept: Department Of Heavy Industry | End: 21-05-2026 17:00:00
2026-05-27 15:40:03 | INFO     | scheduler |   [BOQ Bids] GEM/2026/B/7509269 | BHAVINI representative will witness the performanc | Dept: Department Of Atomic Energy | End: 27-05-2026 16:00:00
2026-05-27 15:40:03 | INFO     | scheduler |   [BOQ Bids] GEM/2026/B/7509354 | which regular GeM categories are available (unless | Dept: Coal India Limited | End: 27-05-2026 16:00:00
2026-05-27 15:40:03 | INFO     | scheduler |   [BOQ Bids] GEM/2026/B/7509404 | which regular GeM categories are available (unless | Dept: Department Of Scientific And Industrial  | End: 27-05-2026 16:00:00
2026-05-27 15:40:03 | INFO     | scheduler |   [BOQ Bids] GEM/2026/B/7509486 | RTGS or any other latest Electronic Payment remitt | Dept: Department Of Defence Production | End: 27-05-2026 16:00:00
2026-05-27 15:40:03 | INFO     | scheduler |   [BOQ Bids] GEM/2026/B/7501894 | Drier Filter Size 3 by 8 inch for Main AC Plant Ch | Dept: Materials Management | End: 27-05-2026 16:00:00
2026-05-27 15:40:03 | INFO     | scheduler |   [BOQ Bids] GEM/2026/B/7360084 | FLEXIBLE WIRE 6SQ MM X 4 CORE , COPPER FLEXIBLE WI | Dept: Department Of Heavy Industry | End: 06-04-2026 17:00:00
2026-05-27 15:40:03 | INFO     | scheduler |   [BOQ Bids] GEM/2026/B/7473903 | require are mentioned in the A.T.C. PDF The materi | Dept: Ports And Transport Department Gujarat | End: 12-05-2026 16:00:00
2026-05-27 15:40:03 | INFO     | scheduler |   [BOQ Bids] GEM/2026/B/7511795 | which regular GeM categories are available (unless | Dept: Department Of Defence Production | End: 18-05-2026 11:00:00
2026-05-27 15:40:03 | INFO     | scheduler |   [BOQ Bids] GEM/2025/B/6891065 | which regular GeM categories are available without | Dept: Department Of Home | End: 19-01-2026 17:00:00
2026-05-27 15:40:03 | INFO     | scheduler |   [Product Custom Bid/RAs] GEM/2026/B/7400122 | which regular GeM categories are available without | Dept: Food Safety And Drug Administration Depa | End: 17-04-2026 17:00:00
2026-05-27 15:40:03 | INFO     | scheduler |   [Product Custom Bid/RAs] GEM/2026/B/7505505 | BE SUPPLIED AS PER THE ENCLOSED SPECIFICATION. 2.  | Dept: Steel Authority Of India Limited | End: 18-05-2026 19:00:00
2026-05-27 15:40:03 | INFO     | scheduler |   [Product Custom Bid/RAs] GEM/2026/B/7396682 | which regular GeM categories are available without | Dept: Steel Authority Of India Limited | End: 28-04-2026 14:00:00
2026-05-27 15:40:03 | INFO     | scheduler |   [Product Custom Bid/RAs] GEM/2026/B/7445381 | which regular GeM categories are available (unless | Dept: Steel Authority Of India Limited | End: 27-04-2026 12:00:00
2026-05-27 15:40:03 | INFO     | scheduler |   [Product Custom Bid/RAs] GEM/2026/B/7157755 | which regular GeM categories are available without | Dept: Department Of Heavy Industry | End: 07-02-2026 12:00:00
2026-05-27 15:40:03 | INFO     | scheduler |   [Product Custom Bid/RAs] GEM/2026/B/7388978 | which regular GeM categories are available without | Dept: Department Of Military Affairs | End: 08-04-2026 09:00:00
2026-05-27 15:40:03 | INFO     | scheduler |   [Product Custom Bid/RAs] GEM/2026/B/7427788 | lowest basis. | Dept: Na | End: 20-04-2026 15:00:00
2026-05-27 15:40:03 | INFO     | scheduler |   [Product Custom Bid/RAs] GEM/2026/B/7280162 | which regular GeM categories are available without | Dept: Department Of Heavy Industry | End: 06-03-2026 14:00:00
2026-05-27 15:40:03 | INFO     | scheduler |   [Product Custom Bid/RAs] GEM/2026/B/7452818 | of cost on FOR Bhilai basis, to the satisfaction o | Dept: Steel Authority Of India Limited | End: 28-04-2026 18:00:00
2026-05-27 15:40:03 | INFO     | scheduler |   [Product Custom Bid/RAs] GEM/2026/B/7252469 | COMPULSORY TO QUALIFYING THE BID. 8. FIRMS ARE REQ | Dept: Department Of Military Affairs | End: 10-04-2026 18:00:00
2026-05-27 15:40:03 | INFO     | scheduler |   [Bid To RAs] GEM/2026/B/7138563 | which regular GeM categories are available without | Dept: Food Safety And Drug Administration Depa | End: 13-02-2026 18:00:00
2026-05-27 15:40:03 | INFO     | scheduler |   [Bid To RAs] GEM/2025/B/7040937 | which regular GeM categories are available without | Dept: Department Of Military Affairs | End: 16-02-2026 11:00:00
2026-05-27 15:40:03 | INFO     | scheduler |   [Bid To RAs] GEM/2026/B/7173460 | which regular GeM categories are available without | Dept: Health And Family Welfare Department Del | End: 04-03-2026 18:00:00
2026-05-27 15:40:03 | INFO     | scheduler |   [Bid To RAs] GEM/2026/B/7221092 | which regular GeM categories are available without | Dept: Department Of Defence Production | End: 04-03-2026 16:00:00
2026-05-27 15:40:03 | INFO     | scheduler |   [Bid To RAs] GEM/2026/B/7408096 | which regular GeM categories are available (unless | Dept: Department Of Defence Research & Develop | End: 01-05-2026 10:00:00
2026-05-27 15:40:03 | INFO     | scheduler |   [Bid To RAs] GEM/2026/B/7479875 | GeM T | Dept: Department Of Heavy Industry | End: 11-05-2026 12:00:00
2026-05-27 15:40:03 | INFO     | scheduler |   [Bid To RAs] GEM/2026/B/7489249 | which regular GeM categories are available (unless | Dept: Department Of Financial Services | End: 11-05-2026 12:00:00
2026-05-27 15:40:03 | INFO     | scheduler |   [Bid To RAs] GEM/2025/B/6839900 | which regular GeM categories are available without | Dept: Department Of Defence Production | End: 10-11-2025 15:00:00
2026-05-27 15:40:03 | INFO     | scheduler |   [Bid To RAs] GEM/2026/B/7449720 | s. 7. Dealer will replace any stock found defectiv | Dept: Department Of Military Affairs | End: 20-05-2026 10:00:00
2026-05-27 15:40:03 | INFO     | scheduler |   [Bid To RAs] GEM/2026/B/7446040 | which regular GeM categories are available (unless | Dept: Technical Education Department Haryana | End: 01-05-2026 16:00:00
2026-05-27 15:40:03 | INFO     | scheduler |   [Service Bid/RAs] GEM/2026/B/7456448 | which regular GeM categories are available (unless | Dept: Department Of Defence Research & Develop | End: 01-05-2026 10:00:00
2026-05-27 15:40:03 | INFO     | scheduler |   [Service Bid/RAs] GEM/2026/B/7334075 | in the price break-up f ormat. The quoted item wis | Dept: Department Of Fertilizers | End: 23-03-2026 13:00:00
2026-05-27 15:40:03 | INFO     | scheduler |   [Service Bid/RAs] GEM/2026/B/7500709 | which regular GeM categories are available (unless | Dept: Planning Department Uttar Pradesh | End: 14-05-2026 18:00:00
2026-05-27 15:40:03 | INFO     | scheduler |   [Service Bid/RAs] GEM/2026/B/7327051 | which regular GeM categories are available (unless | Dept: Department Of Atomic Energy | End: 06-05-2026 14:00:00
2026-05-27 15:40:03 | INFO     | scheduler |   [Service Bid/RAs] GEM/2026/B/7414651 | which regular GeM categories are available (unless | Dept: Department Of Military Affairs | End: 11-05-2026 13:00:00
2026-05-27 15:40:03 | INFO     | scheduler |   [Service Bid/RAs] GEM/2026/B/7233748 | which regular GeM categories are available without | Dept: Department Of Defence | End: 28-04-2026 13:00:00
2026-05-27 15:40:03 | INFO     | scheduler |   [Service Bid/RAs] GEM/2026/B/7412749 | which regular GeM categories are available (unless | Dept: Department Of Military Affairs | End: 11-05-2026 13:00:00
2026-05-27 15:40:03 | INFO     | scheduler |   [Service Bid/RAs] GEM/2026/B/7441848 | which regular GeM categories are available (unless | Dept: Central Armed Police Forces | End: 06-05-2026 12:00:00
2026-05-27 15:40:03 | INFO     | scheduler |   [Service Bid/RAs] GEM/2026/B/7253172 | Unit 1 2. 2 Providing and fixing following rating  | Dept: Department Of Statistics And Programme I | End: 28-04-2026 13:00:00
2026-05-27 15:40:03 | INFO     | scheduler |   [Product Bid/RAs] GEM/2026/B/7534996 | which regular GeM categories are available (unless | Dept: Department Of Military Affairs | End: 22-05-2026 10:00:00
2026-05-27 15:40:03 | INFO     | scheduler |   [Product Bid/RAs] GEM/2026/B/7239280 | Minimum Capacity Required From Seller S.N o. Sched | Dept: Coal India Limited | End: 28-03-2026 12:00:00
2026-05-27 15:40:03 | INFO     | scheduler |   [Product Bid/RAs] GEM/2026/B/7221931 | which regular GeM categories are available without | Dept: Indian Oil Corporation Limited | End: 25-02-2026 15:00:00
2026-05-27 15:40:03 | INFO     | scheduler |   [Product Bid/RAs] GEM/2026/B/7523776 | which regular GeM categories are available (unless | Dept: Health Department Haryana | End: 21-05-2026 11:00:00
2026-05-27 15:40:03 | INFO     | scheduler |   [Product Bid/RAs] GEM/2026/B/7158674 | which regular GeM categories are available without | Dept: Gujarat | End: 18-02-2026 18:00:00
2026-05-27 15:40:03 | INFO     | scheduler |   [Product Bid/RAs] GEM/2026/B/7352909 | which regular GeM categories are available without | Dept: Department Of Defence Production | End: 17-04-2026 11:00:00
2026-05-27 15:40:03 | INFO     | scheduler |   [Product Bid/RAs] GEM/2026/B/7418765 | which regular GeM categories are available (unless | Dept: Department Of Military Affairs | End: 30-04-2026 14:00:00
2026-05-27 15:40:03 | INFO     | scheduler | ============================================================
2026-05-27 15:40:03 | INFO     | scheduler |   Total new: 68
2026-05-27 15:40:03 | INFO     | scheduler | Single run complete. Exiting.
2026-05-27 15:40:03 | INFO     | scheduler | Scheduler stopped.
2026-05-27 17:28:49 | INFO     | scheduler | 
2026-05-27 17:28:49 | INFO     | scheduler | ============================================================
2026-05-27 17:28:49 | INFO     | scheduler | GEM BID SCRAPER SCHEDULER STARTED
2026-05-27 17:28:49 | INFO     | scheduler | Interval: every 60 minutes
2026-05-27 17:28:49 | INFO     | scheduler | Database: D:\Projects\gem_scraper\storage\gem_bids.db
2026-05-27 17:28:49 | INFO     | scheduler | ============================================================
2026-05-27 17:28:49 | INFO     | scheduler | 
▶  Run started at 2026-05-27 17:28:49
2026-05-27 17:44:00 | INFO     | scheduler | Shutdown signal received — stopping after current run.
2026-05-27 17:44:01 | INFO     | scheduler | Shutdown signal received — stopping after current run.
2026-05-27 17:44:01 | INFO     | scheduler | Shutdown signal received — stopping after current run.
2026-05-27 17:44:02 | INFO     | scheduler | Shutdown signal received — stopping after current run.
2026-05-27 17:44:02 | INFO     | scheduler | Shutdown signal received — stopping after current run.
2026-05-27 17:44:02 | INFO     | scheduler | Shutdown signal received — stopping after current run.
2026-05-27 17:44:02 | INFO     | scheduler | Shutdown signal received — stopping after current run.
2026-05-27 17:44:03 | INFO     | scheduler | Shutdown signal received — stopping after current run.
2026-05-27 17:44:03 | INFO     | scheduler | Shutdown signal received — stopping after current run.
2026-05-27 17:44:03 | INFO     | scheduler | Shutdown signal received — stopping after current run.
2026-05-27 17:44:03 | INFO     | scheduler | Shutdown signal received — stopping after current run.
2026-05-27 17:44:03 | INFO     | scheduler | Shutdown signal received — stopping after current run.
2026-05-27 17:44:03 | INFO     | scheduler | Shutdown signal received — stopping after current run.
2026-05-27 17:44:03 | INFO     | scheduler | Shutdown signal received — stopping after current run.
2026-05-27 17:44:04 | INFO     | scheduler | Shutdown signal received — stopping after current run.
2026-05-27 17:44:04 | INFO     | scheduler | Shutdown signal received — stopping after current run.
2026-05-27 17:44:04 | INFO     | scheduler | Shutdown signal received — stopping after current run.
2026-05-27 17:44:04 | INFO     | scheduler | Shutdown signal received — stopping after current run.
2026-05-27 17:44:04 | INFO     | scheduler | Shutdown signal received — stopping after current run.
2026-05-27 17:44:04 | INFO     | scheduler | Shutdown signal received — stopping after current run.
2026-05-27 17:44:04 | INFO     | scheduler | Shutdown signal received — stopping after current run.
2026-05-27 17:44:04 | INFO     | scheduler | Shutdown signal received — stopping after current run.
2026-05-27 17:44:04 | INFO     | scheduler | Shutdown signal received — stopping after current run.
2026-05-27 17:44:04 | INFO     | scheduler | Shutdown signal received — stopping after current run.
2026-05-27 17:44:04 | INFO     | scheduler | Shutdown signal received — stopping after current run.
2026-05-27 17:44:04 | INFO     | scheduler | Shutdown signal received — stopping after current run.
2026-05-27 17:44:04 | INFO     | scheduler | Shutdown signal received — stopping after current run.
2026-05-27 17:44:04 | INFO     | scheduler | Shutdown signal received — stopping after current run.
2026-05-27 17:44:04 | INFO     | scheduler | Shutdown signal received — stopping after current run.
2026-05-27 17:44:04 | INFO     | scheduler | Shutdown signal received — stopping after current run.
2026-05-27 17:44:04 | INFO     | scheduler | Shutdown signal received — stopping after current run.
2026-05-27 17:44:04 | INFO     | scheduler | Shutdown signal received — stopping after current run.
2026-05-27 17:44:04 | INFO     | scheduler | Shutdown signal received — stopping after current run.
2026-05-27 17:44:04 | INFO     | scheduler | Shutdown signal received — stopping after current run.
2026-05-27 17:44:04 | INFO     | scheduler | Shutdown signal received — stopping after current run.
2026-05-27 17:44:04 | INFO     | scheduler | Shutdown signal received — stopping after current run.
2026-05-27 17:44:04 | INFO     | scheduler | Shutdown signal received — stopping after current run.
2026-05-27 17:44:04 | INFO     | scheduler | Shutdown signal received — stopping after current run.
2026-05-27 17:44:04 | INFO     | scheduler | Shutdown signal received — stopping after current run.
2026-05-27 17:44:04 | INFO     | scheduler | Shutdown signal received — stopping after current run.
2026-05-27 17:44:04 | INFO     | scheduler | Shutdown signal received — stopping after current run.
2026-05-27 17:44:04 | INFO     | scheduler | Shutdown signal received — stopping after current run.
2026-05-27 17:44:04 | INFO     | scheduler | Shutdown signal received — stopping after current run.
2026-05-27 17:44:04 | INFO     | scheduler | Shutdown signal received — stopping after current run.
2026-05-27 17:44:04 | INFO     | scheduler | Shutdown signal received — stopping after current run.
2026-05-27 17:44:04 | INFO     | scheduler | Shutdown signal received — stopping after current run.
2026-05-27 17:44:06 | INFO     | scheduler | Shutdown signal received — stopping after current run.
2026-05-27 17:44:06 | INFO     | scheduler | Shutdown signal received — stopping after current run.
2026-05-27 17:44:06 | INFO     | scheduler | Shutdown signal received — stopping after current run.
2026-05-27 17:44:06 | INFO     | scheduler | Shutdown signal received — stopping after current run.
2026-05-27 17:44:07 | INFO     | scheduler | Shutdown signal received — stopping after current run.
2026-05-27 17:44:07 | INFO     | scheduler | Shutdown signal received — stopping after current run.
2026-05-27 17:44:07 | INFO     | scheduler | Shutdown signal received — stopping after current run.
2026-05-27 17:44:07 | INFO     | scheduler | Shutdown signal received — stopping after current run.
2026-05-27 17:44:07 | INFO     | scheduler | Shutdown signal received — stopping after current run.
2026-05-27 17:44:08 | INFO     | scheduler | Shutdown signal received — stopping after current run.
2026-05-27 17:44:08 | INFO     | scheduler | Shutdown signal received — stopping after current run.
2026-05-27 17:44:08 | INFO     | scheduler | Shutdown signal received — stopping after current run.
2026-05-27 17:44:08 | INFO     | scheduler | Shutdown signal received — stopping after current run.
2026-05-27 17:44:08 | INFO     | scheduler | Shutdown signal received — stopping after current run.
2026-05-27 17:44:08 | INFO     | scheduler | Shutdown signal received — stopping after current run.
2026-05-27 17:44:08 | INFO     | scheduler | Shutdown signal received — stopping after current run.
2026-05-27 17:44:08 | INFO     | scheduler | Shutdown signal received — stopping after current run.
2026-05-27 17:44:08 | INFO     | scheduler | Shutdown signal received — stopping after current run.
2026-05-27 17:44:08 | INFO     | scheduler | Shutdown signal received — stopping after current run.
2026-05-27 17:44:08 | INFO     | scheduler | Shutdown signal received — stopping after current run.
2026-05-27 17:44:08 | INFO     | scheduler | Shutdown signal received — stopping after current run.
2026-05-27 17:44:08 | INFO     | scheduler | Shutdown signal received — stopping after current run.
2026-05-27 17:44:08 | INFO     | scheduler | Shutdown signal received — stopping after current run.
2026-05-27 17:44:08 | INFO     | scheduler | Shutdown signal received — stopping after current run.
2026-05-27 17:44:08 | INFO     | scheduler | Shutdown signal received — stopping after current run.
2026-05-27 17:44:08 | INFO     | scheduler | Shutdown signal received — stopping after current run.
2026-05-27 17:44:09 | INFO     | scheduler | Shutdown signal received — stopping after current run.
2026-05-27 17:44:09 | INFO     | scheduler | Shutdown signal received — stopping after current run.
2026-05-27 17:44:09 | INFO     | scheduler | Shutdown signal received — stopping after current run.
2026-05-27 17:44:09 | INFO     | scheduler | Shutdown signal received — stopping after current run.
2026-05-27 17:44:09 | INFO     | scheduler | Shutdown signal received — stopping after current run.
2026-05-27 17:44:09 | INFO     | scheduler | Shutdown signal received — stopping after current run.
2026-05-27 17:44:09 | INFO     | scheduler | Shutdown signal received — stopping after current run.
2026-05-27 17:44:09 | INFO     | scheduler | Shutdown signal received — stopping after current run.
2026-05-27 17:44:09 | INFO     | scheduler | Shutdown signal received — stopping after current run.
2026-05-27 17:44:09 | INFO     | scheduler | Shutdown signal received — stopping after current run.
2026-05-27 17:44:09 | INFO     | scheduler | Shutdown signal received — stopping after current run.
2026-05-27 17:44:09 | INFO     | scheduler | Shutdown signal received — stopping after current run.
2026-05-27 17:44:09 | INFO     | scheduler | Shutdown signal received — stopping after current run.
2026-05-27 17:44:09 | INFO     | scheduler | Shutdown signal received — stopping after current run.
2026-05-27 17:44:09 | INFO     | scheduler | Shutdown signal received — stopping after current run.
2026-05-27 17:44:09 | INFO     | scheduler | Shutdown signal received — stopping after current run.
2026-05-27 17:44:09 | INFO     | scheduler | Shutdown signal received — stopping after current run.
2026-05-27 17:44:09 | INFO     | scheduler | Shutdown signal received — stopping after current run.
2026-05-27 17:44:09 | INFO     | scheduler | Shutdown signal received — stopping after current run.
2026-05-27 17:44:09 | INFO     | scheduler | Shutdown signal received — stopping after current run.
2026-05-27 17:44:09 | INFO     | scheduler | Shutdown signal received — stopping after current run.
2026-05-27 17:44:09 | INFO     | scheduler | Shutdown signal received — stopping after current run.
2026-05-27 17:44:19 | INFO     | scheduler | Shutdown signal received — stopping after current run.
2026-05-27 17:44:19 | INFO     | scheduler | Shutdown signal received — stopping after current run.
2026-05-27 17:44:20 | INFO     | scheduler | Shutdown signal received — stopping after current run.
2026-05-27 17:44:20 | INFO     | scheduler | Shutdown signal received — stopping after current run.
2026-05-27 17:44:20 | INFO     | scheduler | Shutdown signal received — stopping after current run.
2026-05-27 17:44:23 | INFO     | scheduler | Shutdown signal received — stopping after current run.
2026-05-27 17:44:24 | INFO     | scheduler | Shutdown signal received — stopping after current run.
2026-05-27 17:44:24 | INFO     | scheduler | Shutdown signal received — stopping after current run.
2026-05-27 17:44:24 | INFO     | scheduler | Shutdown signal received — stopping after current run.
2026-05-27 17:44:24 | INFO     | scheduler | Shutdown signal received — stopping after current run.
2026-05-27 17:44:24 | INFO     | scheduler | Shutdown signal received — stopping after current run.
2026-05-27 17:44:24 | INFO     | scheduler | Shutdown signal received — stopping after current run.
2026-05-27 17:44:24 | INFO     | scheduler | Shutdown signal received — stopping after current run.
2026-05-27 17:44:24 | INFO     | scheduler | Shutdown signal received — stopping after current run.
2026-05-27 17:44:24 | INFO     | scheduler | Shutdown signal received — stopping after current run.
2026-05-27 17:44:24 | INFO     | scheduler | Shutdown signal received — stopping after current run.
2026-05-27 17:44:24 | INFO     | scheduler | Shutdown signal received — stopping after current run.
2026-05-27 17:44:24 | INFO     | scheduler | Shutdown signal received — stopping after current run.
2026-05-27 17:44:24 | INFO     | scheduler | Shutdown signal received — stopping after current run.
2026-05-27 17:44:24 | INFO     | scheduler | Shutdown signal received — stopping after current run.
2026-05-27 17:44:24 | INFO     | scheduler | Shutdown signal received — stopping after current run.
2026-05-27 17:44:24 | INFO     | scheduler | Shutdown signal received — stopping after current run.
2026-05-27 17:44:24 | INFO     | scheduler | Shutdown signal received — stopping after current run.
2026-05-27 17:44:24 | INFO     | scheduler | Shutdown signal received — stopping after current run.
2026-05-27 17:44:24 | INFO     | scheduler | Shutdown signal received — stopping after current run.
2026-05-27 17:44:24 | INFO     | scheduler | Shutdown signal received — stopping after current run.
2026-05-27 17:44:24 | INFO     | scheduler | Shutdown signal received — stopping after current run.
2026-05-27 17:44:24 | INFO     | scheduler | Shutdown signal received — stopping after current run.
2026-05-27 17:44:24 | INFO     | scheduler | Shutdown signal received — stopping after current run.
2026-05-27 17:44:24 | INFO     | scheduler | Shutdown signal received — stopping after current run.
2026-05-27 17:44:24 | INFO     | scheduler | Shutdown signal received — stopping after current run.
2026-05-27 17:44:24 | INFO     | scheduler | Shutdown signal received — stopping after current run.
2026-05-27 17:44:24 | INFO     | scheduler | Shutdown signal received — stopping after current run.
2026-05-27 17:44:25 | INFO     | scheduler | Shutdown signal received — stopping after current run.
2026-05-27 17:44:25 | INFO     | scheduler | Shutdown signal received — stopping after current run.
2026-05-27 17:44:25 | INFO     | scheduler | Shutdown signal received — stopping after current run.
2026-05-27 17:44:25 | INFO     | scheduler | Shutdown signal received — stopping after current run.
2026-05-27 17:44:25 | INFO     | scheduler | Shutdown signal received — stopping after current run.
2026-05-27 17:44:25 | INFO     | scheduler | Shutdown signal received — stopping after current run.
2026-05-27 17:44:25 | INFO     | scheduler | Shutdown signal received — stopping after current run.
2026-05-27 17:44:25 | INFO     | scheduler | Shutdown signal received — stopping after current run.
2026-05-27 17:44:26 | INFO     | scheduler | Shutdown signal received — stopping after current run.
2026-05-27 17:44:26 | INFO     | scheduler | Shutdown signal received — stopping after current run.
2026-05-27 17:44:26 | INFO     | scheduler | Shutdown signal received — stopping after current run.
2026-05-27 17:44:26 | INFO     | scheduler | Shutdown signal received — stopping after current run.
2026-05-27 17:44:26 | INFO     | scheduler | Shutdown signal received — stopping after current run.
2026-05-27 17:44:26 | INFO     | scheduler | Shutdown signal received — stopping after current run.
2026-05-27 17:44:26 | INFO     | scheduler | Shutdown signal received — stopping after current run.
2026-05-27 17:44:26 | INFO     | scheduler | Shutdown signal received — stopping after current run.
2026-05-27 17:44:26 | INFO     | scheduler | Shutdown signal received — stopping after current run.
2026-05-27 17:44:26 | INFO     | scheduler | Shutdown signal received — stopping after current run.
2026-05-27 17:44:26 | INFO     | scheduler | Shutdown signal received — stopping after current run.
2026-05-27 17:44:26 | INFO     | scheduler | Shutdown signal received — stopping after current run.
2026-05-27 17:44:26 | INFO     | scheduler | Shutdown signal received — stopping after current run.
2026-05-27 17:44:26 | INFO     | scheduler | Shutdown signal received — stopping after current run.
2026-05-27 17:44:26 | INFO     | scheduler | Shutdown signal received — stopping after current run.
2026-05-27 17:44:26 | INFO     | scheduler | Shutdown signal received — stopping after current run.
2026-05-27 17:44:26 | INFO     | scheduler | Shutdown signal received — stopping after current run.
2026-05-27 17:44:26 | INFO     | scheduler | Shutdown signal received — stopping after current run.
2026-05-27 17:44:26 | INFO     | scheduler | Shutdown signal received — stopping after current run.
2026-05-27 17:44:26 | INFO     | scheduler | Shutdown signal received — stopping after current run.
2026-05-27 17:44:26 | INFO     | scheduler | Shutdown signal received — stopping after current run.
2026-05-27 17:44:26 | INFO     | scheduler | Shutdown signal received — stopping after current run.
2026-05-27 17:44:26 | INFO     | scheduler | Shutdown signal received — stopping after current run.
2026-05-27 17:44:26 | INFO     | scheduler | Shutdown signal received — stopping after current run.
2026-05-27 17:44:27 | INFO     | scheduler | Shutdown signal received — stopping after current run.
2026-05-27 17:44:27 | INFO     | scheduler | Shutdown signal received — stopping after current run.
2026-05-27 17:44:27 | INFO     | scheduler | Shutdown signal received — stopping after current run.
2026-05-27 17:44:27 | INFO     | scheduler | Shutdown signal received — stopping after current run.
2026-05-27 17:44:27 | INFO     | scheduler | Shutdown signal received — stopping after current run.
2026-05-27 17:44:27 | INFO     | scheduler | Shutdown signal received — stopping after current run.
2026-05-27 17:44:27 | INFO     | scheduler | Shutdown signal received — stopping after current run.
2026-05-27 17:44:27 | INFO     | scheduler | Shutdown signal received — stopping after current run.
2026-05-27 17:44:27 | INFO     | scheduler | Shutdown signal received — stopping after current run.
2026-05-27 17:44:27 | INFO     | scheduler | Shutdown signal received — stopping after current run.
2026-05-27 17:44:27 | INFO     | scheduler | Shutdown signal received — stopping after current run.
2026-05-27 17:44:27 | INFO     | scheduler | Shutdown signal received — stopping after current run.
2026-05-27 17:44:27 | INFO     | scheduler | Shutdown signal received — stopping after current run.
2026-05-27 17:44:27 | INFO     | scheduler | Shutdown signal received — stopping after current run.
2026-05-27 17:44:27 | INFO     | scheduler | Shutdown signal received — stopping after current run.
2026-05-27 17:44:27 | INFO     | scheduler | Shutdown signal received — stopping after current run.
2026-05-27 17:44:27 | INFO     | scheduler | Shutdown signal received — stopping after current run.
2026-05-27 17:44:27 | INFO     | scheduler | Shutdown signal received — stopping after current run.
2026-05-27 17:44:27 | INFO     | scheduler | Shutdown signal received — stopping after current run.
2026-05-27 17:44:27 | INFO     | scheduler | Shutdown signal received — stopping after current run.
2026-05-27 17:44:27 | INFO     | scheduler | Shutdown signal received — stopping after current run.
2026-05-27 17:44:27 | INFO     | scheduler | Shutdown signal received — stopping after current run.
2026-05-27 17:44:27 | INFO     | scheduler | Shutdown signal received — stopping after current run.
2026-05-27 17:44:27 | INFO     | scheduler | Shutdown signal received — stopping after current run.
2026-05-27 17:44:27 | INFO     | scheduler | Shutdown signal received — stopping after current run.
2026-05-27 17:44:27 | INFO     | scheduler | Shutdown signal received — stopping after current run.
2026-05-27 17:44:27 | INFO     | scheduler | Shutdown signal received — stopping after current run.
2026-05-27 17:44:27 | INFO     | scheduler | Shutdown signal received — stopping after current run.
2026-05-27 17:44:27 | INFO     | scheduler | Shutdown signal received — stopping after current run.
2026-05-27 17:44:27 | INFO     | scheduler | Shutdown signal received — stopping after current run.
2026-05-27 17:44:27 | INFO     | scheduler | Shutdown signal received — stopping after current run.
2026-05-27 17:44:28 | INFO     | scheduler | Shutdown signal received — stopping after current run.
2026-05-27 17:44:28 | INFO     | scheduler | Shutdown signal received — stopping after current run.
2026-05-27 17:44:28 | INFO     | scheduler | Shutdown signal received — stopping after current run.
2026-05-27 17:44:28 | INFO     | scheduler | Shutdown signal received — stopping after current run.
2026-05-27 17:44:28 | INFO     | scheduler | Shutdown signal received — stopping after current run.
2026-05-27 17:44:28 | INFO     | scheduler | Shutdown signal received — stopping after current run.
2026-05-27 17:44:28 | INFO     | scheduler | Shutdown signal received — stopping after current run.
2026-05-27 17:44:28 | INFO     | scheduler | Shutdown signal received — stopping after current run.
2026-05-27 17:44:28 | INFO     | scheduler | Shutdown signal received — stopping after current run.
2026-05-27 17:44:28 | INFO     | scheduler | Shutdown signal received — stopping after current run.
2026-05-27 17:44:28 | INFO     | scheduler | Shutdown signal received — stopping after current run.
2026-05-27 17:44:28 | INFO     | scheduler | Shutdown signal received — stopping after current run.
2026-05-27 17:44:28 | INFO     | scheduler | Shutdown signal received — stopping after current run.
2026-05-27 17:44:28 | INFO     | scheduler | Shutdown signal received — stopping after current run.
2026-05-27 17:44:28 | INFO     | scheduler | Shutdown signal received — stopping after current run.
2026-05-27 17:44:28 | INFO     | scheduler | Shutdown signal received — stopping after current run.
2026-05-27 17:44:28 | INFO     | scheduler | Shutdown signal received — stopping after current run.
2026-05-27 17:44:29 | INFO     | scheduler | Shutdown signal received — stopping after current run.
2026-05-27 17:44:29 | INFO     | scheduler | Shutdown signal received — stopping after current run.
2026-05-27 17:44:32 | INFO     | scheduler | Shutdown signal received — stopping after current run.
2026-05-27 17:44:32 | INFO     | scheduler | Shutdown signal received — stopping after current run.
2026-05-27 17:44:33 | INFO     | scheduler | Shutdown signal received — stopping after current run.
2026-05-27 17:44:33 | INFO     | scheduler | Shutdown signal received — stopping after current run.
2026-05-27 17:44:33 | INFO     | scheduler | Shutdown signal received — stopping after current run.
2026-05-27 17:44:33 | INFO     | scheduler | Shutdown signal received — stopping after current run.
2026-05-27 17:44:33 | INFO     | scheduler | Shutdown signal received — stopping after current run.
2026-05-27 17:44:33 | INFO     | scheduler | Shutdown signal received — stopping after current run.
2026-05-27 17:44:33 | INFO     | scheduler | Shutdown signal received — stopping after current run.
2026-05-27 17:44:33 | INFO     | scheduler | Shutdown signal received — stopping after current run.
2026-05-27 17:44:33 | INFO     | scheduler | Shutdown signal received — stopping after current run.
2026-05-27 17:44:33 | INFO     | scheduler | Shutdown signal received — stopping after current run.
2026-05-27 17:44:33 | INFO     | scheduler | Shutdown signal received — stopping after current run.
2026-05-27 17:44:33 | INFO     | scheduler | Shutdown signal received — stopping after current run.
2026-05-27 17:44:33 | INFO     | scheduler | Shutdown signal received — stopping after current run.
2026-05-27 17:44:33 | INFO     | scheduler | Shutdown signal received — stopping after current run.
2026-05-27 17:44:33 | INFO     | scheduler | Shutdown signal received — stopping after current run.
2026-05-27 17:44:33 | INFO     | scheduler | Shutdown signal received — stopping after current run.
2026-05-27 17:44:33 | INFO     | scheduler | Shutdown signal received — stopping after current run.
2026-05-27 17:44:33 | INFO     | scheduler | Shutdown signal received — stopping after current run.
2026-05-27 17:44:33 | INFO     | scheduler | Shutdown signal received — stopping after current run.
2026-05-27 17:44:33 | INFO     | scheduler | Shutdown signal received — stopping after current run.
2026-05-27 17:44:33 | INFO     | scheduler | Shutdown signal received — stopping after current run.
2026-05-27 17:44:33 | INFO     | scheduler | Shutdown signal received — stopping after current run.
2026-05-27 17:44:33 | INFO     | scheduler | Shutdown signal received — stopping after current run.
2026-05-27 17:44:33 | INFO     | scheduler | Shutdown signal received — stopping after current run.
2026-05-27 17:44:33 | INFO     | scheduler | Shutdown signal received — stopping after current run.
2026-05-27 17:44:33 | INFO     | scheduler | Shutdown signal received — stopping after current run.
2026-05-27 17:44:33 | INFO     | scheduler | Shutdown signal received — stopping after current run.
2026-05-27 17:44:33 | INFO     | scheduler | Shutdown signal received — stopping after current run.
2026-05-27 17:44:33 | INFO     | scheduler | Shutdown signal received — stopping after current run.
2026-05-27 17:44:34 | INFO     | scheduler | Shutdown signal received — stopping after current run.
2026-05-27 17:44:34 | INFO     | scheduler | Shutdown signal received — stopping after current run.
2026-05-27 17:44:34 | INFO     | scheduler | Shutdown signal received — stopping after current run.
2026-05-27 17:44:34 | INFO     | scheduler | Shutdown signal received — stopping after current run.
2026-05-27 17:44:34 | INFO     | scheduler | Shutdown signal received — stopping after current run.
2026-05-27 17:44:34 | INFO     | scheduler | Shutdown signal received — stopping after current run.
2026-05-27 17:44:34 | INFO     | scheduler | Shutdown signal received — stopping after current run.
2026-05-27 17:44:34 | INFO     | scheduler | Shutdown signal received — stopping after current run.
2026-05-27 17:44:34 | INFO     | scheduler | Shutdown signal received — stopping after current run.
2026-05-27 17:44:34 | INFO     | scheduler | Shutdown signal received — stopping after current run.
2026-05-27 17:44:34 | INFO     | scheduler | Shutdown signal received — stopping after current run.
2026-05-27 17:44:34 | INFO     | scheduler | Shutdown signal received — stopping after current run.
2026-05-27 17:44:34 | INFO     | scheduler | Shutdown signal received — stopping after current run.
2026-05-27 17:44:34 | INFO     | scheduler | Shutdown signal received — stopping after current run.
2026-05-27 17:44:34 | INFO     | scheduler | Shutdown signal received — stopping after current run.
2026-05-27 17:44:34 | INFO     | scheduler | Shutdown signal received — stopping after current run.
2026-05-27 17:44:34 | INFO     | scheduler | Shutdown signal received — stopping after current run.
2026-05-27 17:44:34 | INFO     | scheduler | Shutdown signal received — stopping after current run.
2026-05-27 17:44:34 | INFO     | scheduler | Shutdown signal received — stopping after current run.
2026-05-27 17:44:34 | INFO     | scheduler | Shutdown signal received — stopping after current run.
2026-05-27 17:44:34 | INFO     | scheduler | Shutdown signal received — stopping after current run.
2026-05-27 21:16:27 | INFO     | scheduler | 
2026-05-27 21:16:27 | INFO     | scheduler | ============================================================
2026-05-27 21:16:27 | INFO     | scheduler | GEM BID SCRAPER SCHEDULER STARTED
2026-05-27 21:16:27 | INFO     | scheduler | Interval: every 60 minutes
2026-05-27 21:16:27 | INFO     | scheduler | Database: D:\Projects\gem_scraper\storage\gem_bids.db
2026-05-27 21:16:27 | INFO     | scheduler | ============================================================
2026-05-27 21:16:27 | INFO     | scheduler | 
▶  Run started at 2026-05-27 21:16:27
2026-05-27 21:43:19 | INFO     | scheduler | 
2026-05-27 21:43:19 | INFO     | scheduler | 🆕  NEW BIDS DETECTED THIS RUN
2026-05-27 21:43:19 | INFO     | scheduler | ============================================================
2026-05-27 21:43:19 | INFO     | scheduler |   [Single Tender] GEM/2026/B/7445473 | Operation And Maintenance Of Lifts (Elevators) - M | Dept: Department Of Atomic Energy | End: 19-05-2026 11:00:00
2026-05-27 21:43:19 | INFO     | scheduler |   [Single Tender] GEM/2026/B/7513658 | PROCUREMENT OF HARDWARE FOR TECHNOLOGY | Dept: Bharat Petroleum Corporation Ltd | End: 28-05-2026 11:00:00
2026-05-27 21:43:19 | INFO     | scheduler |   [Single Tender] GEM/2026/B/7456612 | EZ6010V 0501 215 481 , EZ6010V 0630 501 019 , EZ60 | Dept: Department Of Military Affairs | End: 28-05-2026 11:00:00
2026-05-27 21:43:19 | INFO     | scheduler |   [Single Tender] GEM/2026/B/7485894 | Counter Shaft Pulley for 4' Crusher | Dept: Hindustan Copper Limited | End: 25-05-2026 10:00:00
2026-05-27 21:43:19 | INFO     | scheduler |   [Single Tender] GEM/2026/B/7557695 | ANNUAL MAINTENANCE SERVICE FOR Centralised air | Dept: Indian Oil Corporation Limited | End: 28-05-2026 10:00:00
2026-05-27 21:43:19 | INFO     | scheduler |   [Single Tender] GEM/2026/B/7545644 | SMA Connectors for Power Combiners | Dept: Space | End: 28-05-2026 10:00:00
2026-05-27 21:43:19 | INFO     | scheduler |   [Single Tender] GEM/2026/B/7431993 | SHORT DISPOSABLE SIZE XL , SHIRT DISPOSABLE SIZE X | Dept: Department Of Military Affairs | End: 25-05-2026 10:00:00
2026-05-27 21:43:19 | INFO     | scheduler |   [Single Tender] GEM/2026/B/7516629 | C18M260025 8375247194 POSITIONER MODEL: HTP INPUT: | Dept: Chennai Petroleum Corporation Limited | End: 28-05-2026 09:00:00
2026-05-27 21:43:19 | INFO     | scheduler |   [Single Tender] GEM/2026/B/7485747 | Custom Bid for Services - Technical field Adviser | Dept: Energy Department Uttar Pradesh | End: 21-05-2026 09:00:00
2026-05-27 21:43:19 | INFO     | scheduler |   [Single Tender] GEM/2026/B/7469914 | GDT to MCS Cable , GETAC Laptop spare battery , RF | Dept: Department Of Military Affairs | End: 28-05-2026 09:00:00
2026-05-27 21:43:19 | INFO     | scheduler |   [Limited Tender] GEM/2026/B/7551914 | Refuse Compactor (V2) (Q2) | Dept: Urban Development Department Karnataka | End: 28-05-2026 11:00:00
2026-05-27 21:43:19 | INFO     | scheduler |   [Limited Tender] GEM/2026/B/7566086 | DGR Empanelled ESM Security Services | Dept:  | End: 28-05-2026 11:00:00
2026-05-27 21:43:19 | INFO     | scheduler |   [Limited Tender] GEM/2026/B/7540662 | Diesel driven welding generator (Q3) | Dept: Indian Oil Corporation Limited | End: 25-05-2026 11:00:00
2026-05-27 21:43:19 | INFO     | scheduler |   [Limited Tender] GEM/2026/B/7541281 | Custom Bid for Services - As per ATC | Dept: Bharat Petroleum Corporation Ltd | End: 28-05-2026 11:00:00
2026-05-27 21:43:19 | INFO     | scheduler |   [Limited Tender] GEM/2026/B/7510767 | Hiring of Consultants - Milestone/Deliverable Base | Dept: Hindustan Copper Limited | End: 28-05-2026 10:00:00
2026-05-27 21:43:19 | INFO     | scheduler |   [Limited Tender] GEM/2026/B/7471797 | TRANSFORMER OIL | Dept: Materials | End: 18-05-2026 10:00:00
2026-05-27 21:43:19 | INFO     | scheduler |   [Limited Tender] GEM/2026/B/7551811 | Repair, Maintenance, and Installation of Plant/ | Dept: Energy Department Uttar Pradesh | End: 28-05-2026 10:00:00
2026-05-27 21:43:19 | INFO     | scheduler |   [Limited Tender] GEM/2026/B/7551866 | Repair, Maintenance, and Installation of Plant/ | Dept: Energy Department Uttar Pradesh | End: 28-05-2026 10:00:00
2026-05-27 21:43:19 | INFO     | scheduler |   [Limited Tender] GEM/2026/B/7570256 | Plain Copier Paper (V3) ISI Marked to IS 14490 (Q4 | Dept: Department Of Heavy Industry | End: 25-05-2026 10:00:00
2026-05-27 21:43:19 | INFO     | scheduler |   [Limited Tender] GEM/2026/B/7536554 | EXPLOSIVE BOLT , EB SQUIB PLUG ASSY WITH HARNESS , | Dept: Department Of Defence Production | End: 28-05-2026 10:00:00
2026-05-27 21:43:19 | INFO     | scheduler |   [BOQ Bids] GEM/2026/B/7492575 | 5 ML bott of 200 ml citralka , Tamsulosin HCl 0.4m | Dept: Department Of Military Affairs | End: 28-05-2026 09:00:00
2026-05-27 21:43:19 | INFO     | scheduler |   [BOQ Bids] GEM/2026/B/7493052 | TOFACITINIB 11 MG TAB , Onit LIDOCAINE andGABAPENT | Dept: Department Of Military Affairs | End: 28-05-2026 09:00:00
2026-05-27 21:43:19 | INFO     | scheduler |   [BOQ Bids] GEM/2026/B/7493091 | containing Ferrous fumarate with 100 mg elemental  | Dept: Department Of Military Affairs | End: 28-05-2026 09:00:00
2026-05-27 21:43:19 | INFO     | scheduler |   [BOQ Bids] GEM/2026/B/7494258 | W10 6675-000125 CHAIN LINK SURVEYER 20M , N1 5140- | Dept: Department Of Military Affairs | End: 11-05-2026 14:00:00
2026-05-27 21:43:19 | INFO     | scheduler |   [BOQ Bids] GEM/2026/B/7497582 | Excavation of Tennis Court , Material and labour f | Dept: Department Of Military Affairs | End: 28-05-2026 09:00:00
2026-05-27 21:43:19 | INFO     | scheduler |   [BOQ Bids] GEM/2026/B/7511186 | KIT FOR ESTIMATION OF HDL CHOLESTEROL OF 100ML , K | Dept: Department Of Military Affairs | End: 28-05-2026 09:00:00
2026-05-27 21:43:19 | INFO     | scheduler |   [BOQ Bids] GEM/2026/B/7511203 | Promethazine HCL 2.5percent 25mg ml 2ml Inj , Nalo | Dept: Department Of Military Affairs | End: 18-05-2026 09:00:00
2026-05-27 21:43:19 | INFO     | scheduler |   [BOQ Bids] GEM/2026/B/7511546 | supply of military rugged multi display controller | Dept: Department Of Military Affairs | End: 25-05-2026 09:00:00
2026-05-27 21:43:19 | INFO     | scheduler |   [BOQ Bids] GEM/2026/B/7511762 | Inj Diazepam 10mg in Amp of 2ml , Metronidazole Su | Dept: Department Of Military Affairs | End: 28-05-2026 09:00:00
2026-05-27 21:43:19 | INFO     | scheduler |   [BOQ Bids] GEM/2026/B/7512339 | 2 MP PTZ Camera , POE switch giga , Media Converte | Dept: Department Of Military Affairs | End: 28-05-2026 09:00:00
2026-05-27 21:43:19 | INFO     | scheduler |   [Product Custom Bid/RAs] GEM/2026/B/7431402 | Green Laser with LIO and Endolaser Attachment | Dept: Department Of Health And Family Welfare | End: 14-05-2026 11:00:00
2026-05-27 21:43:19 | INFO     | scheduler |   [Product Custom Bid/RAs] GEM/2026/B/7486214 | High purity tantalum products AS PER THE TECHNICAL | Dept: Department Of Atomic Energy | End: 28-05-2026 09:00:00
2026-05-27 21:43:19 | INFO     | scheduler |   [Product Custom Bid/RAs] GEM/2026/B/7511380 | LIQUID NITROGEN | Dept: Department Of Fertilizers | End: 28-05-2026 09:00:00
2026-05-27 21:43:19 | INFO     | scheduler |   [Product Custom Bid/RAs] GEM/2026/B/7508040 | BOPP TAPE | Dept: Department Of Posts | End: 28-05-2026 09:00:00
2026-05-27 21:43:19 | INFO     | scheduler |   [Product Custom Bid/RAs] GEM/2026/B/7508134 | Sanitary & Yard Items (24 Nos. ) | Dept: Department Of Defence Production | End: 28-05-2026 09:00:00
2026-05-27 21:43:19 | INFO     | scheduler |   [Product Custom Bid/RAs] GEM/2026/B/7527450 | MATERIAL MANAGEMENT TROLLEY | Dept: Department Of Military Affairs | End: 28-05-2026 09:00:00
2026-05-27 21:43:19 | INFO     | scheduler |   [Product Custom Bid/RAs] GEM/2026/B/7494711 | IR Viewer with ND filter , IR Cards , Thermal Came | Dept: Department Of Defence Research & Develop | End: 28-05-2026 09:00:00
2026-05-27 21:43:19 | INFO     | scheduler |   [Product Custom Bid/RAs] GEM/2026/B/7365477 | DEVELOPMENT OF EXISTING BASKETBALL COURT | Dept: Department Of Military Affairs | End: 28-05-2026 09:00:00
2026-05-27 21:43:19 | INFO     | scheduler |   [Product Custom Bid/RAs] GEM/2026/B/7439202 | COMPREHENSIVE AMC OF SOUND SYSTEM | Dept: Department Of Military Affairs | End: 28-05-2026 09:00:00
2026-05-27 21:43:19 | INFO     | scheduler |   [Product Custom Bid/RAs] GEM/2026/B/7446304 | PA SYSTEM | Dept: Department Of Military Affairs | End: 28-05-2026 09:00:00
2026-05-27 21:43:19 | INFO     | scheduler |   [Bid To RAs] GEM/2026/B/7538981 | Quick Lime For Chemical Industries (V2) Conforming | Dept: Department Of Military Affairs | End: 18-05-2026 13:00:00
2026-05-27 21:43:19 | INFO     | scheduler |   [Bid To RAs] GEM/2026/B/7450918 | GO PRO HERO 13 | Dept: Department Of Military Affairs | End: 02-05-2026 09:00:00
2026-05-27 21:43:19 | INFO     | scheduler |   [Bid To RAs] GEM/2026/B/7428100 | GO NO GO AND GUN STATUS INDICATION SYSTEM | Dept: Department Of Military Affairs | End: 30-04-2026 09:00:00
2026-05-27 21:43:19 | INFO     | scheduler |   [Bid To RAs]  | LV7MARUTI09482M00551SPARKPLUGCHAMPIONRC8YC | Dept: Department Of Military Affairs | End: 25-05-2026 18:00:00
2026-05-27 21:43:19 | INFO     | scheduler |   [Bid To RAs] GEM/2026/B/7468724 | Mobile Storage Rack | Dept: Department Of Military Affairs | End: 08-05-2026 14:00:00
2026-05-27 21:43:19 | INFO     | scheduler |   [Bid To RAs]  | LV7STLN2990-72-0484279ECUASSY , LV7MARUTI13885 | Dept: Department Of Military Affairs | End: 25-05-2026 17:00:00
2026-05-27 21:43:19 | INFO     | scheduler |   [Bid To RAs]  | LV7STLNP-0924951BRGSETCONROD1.00MM , LV7STLNV | Dept: Department Of Military Affairs | End: 25-05-2026 17:00:00
2026-05-27 21:43:19 | INFO     | scheduler |   [Bid To RAs] GEM/2026/B/7287849 | SERVICING HOSE HP | Dept: Department Of Military Affairs | End: 18-03-2026 11:00:00
2026-05-27 21:43:19 | INFO     | scheduler |   [Bid To RAs] GEM/2026/B/7561178 | Tea Leaf (??? ?????) (Q4) | Dept: Department Of Military Affairs | End: 22-05-2026 14:00:00
2026-05-27 21:43:19 | INFO     | scheduler |   [Bid To RAs] GEM/2026/B/7432093 | SUMMER HEAD SET SYSTEM (LEATHER HELMET) | Dept: Department Of Military Affairs | End: 01-05-2026 09:00:00
2026-05-27 21:43:19 | INFO     | scheduler |   [Service Bid/RAs] GEM/2026/B/7445679 | Leasing in of Commercial Properties - dispensary;  | Dept:  | End: 07-05-2026 09:00:00
2026-05-27 21:43:19 | INFO     | scheduler |   [Service Bid/RAs] GEM/2026/B/7488456 | Cleaning, Sanitation and Disinfection Service - Ou | Dept: Indian Railways | End: 18-05-2026 18:00:00
2026-05-27 21:43:19 | INFO     | scheduler |   [Service Bid/RAs] GEM/2026/B/7488531 | Custom Bid for Services - HIRING OF SERVICES FOR V | Dept: Department Of Military Affairs | End: 25-05-2026 16:00:00
2026-05-27 21:43:19 | INFO     | scheduler |   [Service Bid/RAs] GEM/2026/B/7527385 | Repair and Overhauling Service - Tractors (V1); HY | Dept: Department Of Military Affairs | End: 28-05-2026 09:00:00
2026-05-27 21:43:19 | INFO     | scheduler |   [Service Bid/RAs] GEM/2026/B/7550554 | Manpower Outsourcing Services - Minimum wage - Uns | Dept: Department Of School Education And Liter | End: 28-05-2026 09:00:00
2026-05-27 21:43:19 | INFO     | scheduler |   [Service Bid/RAs] GEM/2026/B/7511527 | Custom Bid for Services - Hiring of one tyre mount | Dept: Department Of Military Affairs | End: 28-05-2026 09:00:00
2026-05-27 21:43:19 | INFO     | scheduler |   [Service Bid/RAs] GEM/2026/B/7511720 | Repair and Overhauling Service - 4760 MAIN SWITCH | Dept: Department Of Military Affairs | End: 28-05-2026 09:00:00
2026-05-27 21:43:19 | INFO     | scheduler |   [Service Bid/RAs] GEM/2026/B/7512177 | Handling ,Transport and Other Mining Services - Pe | Dept: Department Of Food And Public Distributi | End: 28-05-2026 09:00:00
2026-05-27 21:43:19 | INFO     | scheduler |   [Service Bid/RAs] GEM/2026/B/7514181 | Stitching and Tailoring Service - Cutting + Stitch | Dept: Department Of Military Affairs | End: 28-05-2026 09:00:00
2026-05-27 21:43:19 | INFO     | scheduler |   [Service Bid/RAs] GEM/2026/B/7516245 | Repair and Overhauling Service - MOBILE POWER PLAN | Dept: Department Of Military Affairs | End: 28-05-2026 09:00:00
2026-05-27 21:43:19 | INFO     | scheduler |   [Product Bid/RAs] GEM/2026/B/7460032 | Safety igniter Tester , Digital Multimeter | Dept: Department Of Defence Research & Develop | End: 28-05-2026 09:00:00
2026-05-27 21:43:19 | INFO     | scheduler |   [Product Bid/RAs] GEM/2026/B/7470361 | Digital signal processor as per attached Technical | Dept: Department Of Atomic Energy | End: 28-05-2026 09:00:00
2026-05-27 21:43:19 | INFO     | scheduler |   [Product Bid/RAs] GEM/2026/B/7477116 | Calibration Gas Mixture (kit) for Hydrogen detecto | Dept: Department Of Atomic Energy | End: 28-05-2026 09:00:00
2026-05-27 21:43:19 | INFO     | scheduler |   [Product Bid/RAs] GEM/2026/B/7478621 | Plastic Grocery Container (V3) (Q4) | Dept: Department Of Atomic Energy | End: 28-05-2026 09:00:00
2026-05-27 21:43:19 | INFO     | scheduler |   [Product Bid/RAs] GEM/2026/B/7479169 | TACTICAL JACKET | Dept: Department Of Military Affairs | End: 28-05-2026 09:00:00
2026-05-27 21:43:19 | INFO     | scheduler |   [Product Bid/RAs] GEM/2026/B/7484117 | Circuit Breakers for DC Operation (Q3) | Dept: Department Of Atomic Energy | End: 28-05-2026 09:00:00
2026-05-27 21:43:19 | INFO     | scheduler |   [Product Bid/RAs] GEM/2026/B/7498952 | 21956012100 , 21956030230 , 21956030220 , | Dept: Materials | End: 28-05-2026 09:00:00
2026-05-27 21:43:19 | INFO     | scheduler |   [Product Bid/RAs] GEM/2026/B/7502486 | Multipara Monitor - Low End (Q2) | Dept: Department Of Health And Family Welfare | End: 28-05-2026 09:00:00
2026-05-27 21:43:19 | INFO     | scheduler |   [Product Bid/RAs] GEM/2026/B/7438690 | 3D Profile Scanning Machine with Imaging System | Dept: Department Of Defence Research & Develop | End: 28-05-2026 09:00:00
2026-05-27 21:43:19 | INFO     | scheduler |   [Product Bid/RAs] GEM/2026/B/7482363 | P. R MORTAR_ 1000074527 | Dept: Materials | End: 28-05-2026 09:00:00
2026-05-27 21:43:19 | INFO     | scheduler |   [BOQ Bids] GEM/2026/B/7507841 | Title 1100022257 , Title 1100022254 , Title 110002 | Dept: Contracts And Materials | End: 27-05-2026 18:00:00
2026-05-27 21:43:19 | INFO     | scheduler |   [BOQ Bids] GEM/2026/B/7531864 | REGULATOR VOLTAGE P10 , HOSE 12MM , HOSE 40U 12-13 | Dept: Department Of Military Affairs | End: 27-05-2026 18:00:00
2026-05-27 21:43:19 | INFO     | scheduler |   [BOQ Bids] GEM/2026/B/7542088 | Welding Portable Machine , Welding Holder , Weldin | Dept: Department Of Military Affairs | End: 25-05-2026 18:00:00
2026-05-27 21:43:19 | INFO     | scheduler |   [BOQ Bids] GEM/2026/B/7496031 | CPVC Tee , CPVC Socket , CPVC Elbow , Brass Elbow  | Dept: Department Of Health And Family Welfare | End: 27-05-2026 18:00:00
2026-05-27 21:43:19 | INFO     | scheduler |   [BOQ Bids] GEM/2026/B/7344536 | SMARCE1 PRIMARY ANTIBODY , ANTI-ENV ANTIBODY , ANT | Dept: Department Of Science And Technology (ds | End: 27-05-2026 18:00:00
2026-05-27 21:43:19 | INFO     | scheduler |   [BOQ Bids] GEM/2026/B/7432617 | Control Unit , Ground mOunted structure , PAN Tilt | Dept: Department Of Defence | End: 27-05-2026 18:00:00
2026-05-27 21:43:19 | INFO     | scheduler |   [BOQ Bids] GEM/2026/B/7500200 | 1600671463 ROD GUN METAL OD 350 ID 400 , 160067146 | Dept: Nmdc Steel Limited | End: 27-05-2026 18:00:00
2026-05-27 21:43:19 | INFO     | scheduler |   [BOQ Bids] GEM/2026/B/7503947 | Fixed Asset 1 , Fixed Asset 2 , Fixed Asset 3 , Fi | Dept: Department Of Financial Services | End: 27-05-2026 18:00:00
2026-05-27 21:43:19 | INFO     | scheduler |   [BOQ Bids] GEM/2026/B/7327972 | Supply of 220V 280AH Medium Discharge Nickel-Cadmi | Dept: Power Grid Corporation Of India Limited | End: 01-04-2026 11:00:00
2026-05-27 21:43:19 | INFO     | scheduler |   [BOQ Bids] GEM/2026/B/7389632 | Triglyceride Kit , Uric acid kit , HDL Direct , ER | Dept: Department Of Military Affairs | End: 21-04-2026 11:00:00
2026-05-27 21:43:19 | INFO     | scheduler |   [Product Custom Bid/RAs] GEM/2026/B/7507444 | LEVER 765-10-CD 765 | Dept: Department Of Defence Production | End: 27-05-2026 18:00:00
2026-05-27 21:43:19 | INFO     | scheduler |   [Product Custom Bid/RAs] GEM/2026/B/7347434 | AUTOIMMUNE ENCEPHALITIS PROFILE-IIF | Dept: Department Of Science And Technology (ds | End: 27-05-2026 18:00:00
2026-05-27 21:43:19 | INFO     | scheduler |   [Product Custom Bid/RAs] GEM/2026/B/7430129 | Ball mill jar having inert gas purging facility 25 | Dept: Department Of Atomic Energy | End: 27-05-2026 18:00:00
2026-05-27 21:43:19 | INFO     | scheduler |   [Product Custom Bid/RAs] GEM/2026/B/7435485 | STEEL PORTABLE CABIN CONSIST OF ONE ROOM | Dept: Coal India Limited | End: 27-05-2026 18:00:00
2026-05-27 21:43:19 | INFO     | scheduler |   [Product Custom Bid/RAs] GEM/2026/B/7457230 | Link Chain , T HEAD BOLT WITH NUT , MASTER LINK FO | Dept: Coal India Limited | End: 27-05-2026 18:00:00
2026-05-27 21:43:19 | INFO     | scheduler |   [Product Custom Bid/RAs] GEM/2026/B/7459696 | Electric Pulp Tester | Dept: Department Of Defence Research & Develop | End: 27-05-2026 18:00:00
2026-05-27 21:43:19 | INFO     | scheduler |   [Product Custom Bid/RAs] GEM/2026/B/7462644 | Auto Fluorescence Based EQPT for diagnosis of OPMD | Dept: Department Of Defence Research & Develop | End: 27-05-2026 18:00:00
2026-05-27 21:43:19 | INFO     | scheduler |   [Product Custom Bid/RAs] GEM/2025/B/7042279 | Steel cord conveyor belting, 1200 mm, ST2000 , Ste | Dept: Coal India Limited | End: 20-01-2026 17:00:00
2026-05-27 21:43:19 | INFO     | scheduler |   [Product Custom Bid/RAs] GEM/2026/B/7136603 | K-12 CRASH RATED BOLLARDS SAFETY SYSTEM | Dept: Department Of Economic Affairs | End: 27-02-2026 10:00:00
2026-05-27 21:43:19 | INFO     | scheduler |   [Product Custom Bid/RAs] GEM/2026/B/7157755 | Supply, Installation & Commissioning of Water Chil | Dept: Department Of Heavy Industry | End: 07-02-2026 12:00:00
2026-05-27 21:43:19 | INFO     | scheduler |   [Bid To RAs] GEM/2026/B/7416412 | Single Use Sterile Hypodermic Syringes for Human U | Dept: Department Of Health And Family Welfare | End: 20-04-2026 13:00:00
2026-05-27 21:43:19 | INFO     | scheduler |   [Bid To RAs] GEM/2026/B/7505505 | LADLE WELL FILLER (ZIRCON BASE) | Dept: Steel Authority Of India Limited | End: 18-05-2026 19:00:00
2026-05-27 21:43:19 | INFO     | scheduler |   [Bid To RAs] GEM/2025/B/7008974 | PROCUREMENT OF WHOLE BODY COUNTER (WBC) FOR | Dept: Department Of Military Affairs | End: 04-02-2026 16:00:00
2026-05-27 21:43:19 | INFO     | scheduler |   [Bid To RAs] GEM/2025/B/7040937 | data wall display (Q2) | Dept: Department Of Military Affairs | End: 16-02-2026 11:00:00
2026-05-27 21:43:19 | INFO     | scheduler |   [Bid To RAs] GEM/2025/B/6445678 | Dinner Set (V2) (Q4) | Dept: Panchayats And Rural Housing Department  | End: 24-07-2025 15:00:00
2026-05-27 21:43:19 | INFO     | scheduler |   [Bid To RAs] GEM/2026/B/7415642 | Stock Pot Stove (Q3) | Dept: Department Of Health And Family Welfare | End: 25-04-2026 21:00:00
2026-05-27 21:43:19 | INFO     | scheduler |   [Bid To RAs] GEM/2026/B/7444155 | Single Use Medical Examination Gloves Conforming t | Dept: Health & Family Welfare Department Gujar | End: 27-04-2026 13:00:00
2026-05-27 21:43:19 | INFO     | scheduler |   [Bid To RAs] GEM/2026/B/7367517 | Fiber laser hand held welding machine | Dept: Department Of Defence Research & Develop | End: 14-04-2026 12:00:00
2026-05-27 21:43:19 | INFO     | scheduler |   [Bid To RAs] GEM/2026/B/7477270 | 36 inch raw coal gate (Actuator operated) | Dept: Department Of Heavy Industry | End: 05-05-2026 18:00:00
2026-05-27 21:43:19 | INFO     | scheduler |   [Bid To RAs] GEM/2026/B/7479475 | FRONT PIVOT ASSY LH OPN 60 - 130073011204-60 , FRO | Dept: Department Of Defence Production | End: 07-05-2026 17:00:00
2026-05-27 21:43:19 | INFO     | scheduler |   [Service Bid/RAs] GEM/2026/B/7456448 | AMC of Integrated Security and Surveillance System | Dept: Department Of Defence Research & Develop | End: 01-05-2026 10:00:00
2026-05-27 21:43:19 | INFO     | scheduler |   [Service Bid/RAs] GEM/2026/B/7327051 | Tours and Travel Service - Travel and Stay both; I | Dept: Department Of Atomic Energy | End: 06-05-2026 14:00:00
2026-05-27 21:43:19 | INFO     | scheduler |   [Service Bid/RAs] GEM/2026/B/7233748 | Repair and Overhauling Service - RATE CONTRACT FOR | Dept: Department Of Defence | End: 28-04-2026 13:00:00
2026-05-27 21:43:19 | INFO     | scheduler |   [Service Bid/RAs] GEM/2026/B/7414651 | Custom Bid for Services - ---- | Dept: Department Of Military Affairs | End: 11-05-2026 13:00:00
2026-05-27 21:43:19 | INFO     | scheduler |   [Service Bid/RAs] GEM/2026/B/7334075 | Repair, Maintenance, and Installation of Plant/ | Dept: Department Of Fertilizers | End: 23-03-2026 13:00:00
2026-05-27 21:43:19 | INFO     | scheduler |   [Service Bid/RAs] GEM/2026/B/7194932 | Annual Maintenance service-AIR CONDITIONER | Dept: Medical Education Department Uttar Prade | End: 31-03-2026 14:00:00
2026-05-27 21:43:19 | INFO     | scheduler |   [Service Bid/RAs] GEM/2026/B/7086556 | Custom Bid for Services - Technical Work Package f | Dept: Department Of Defence Research & Develop | End: 19-03-2026 12:00:00
2026-05-27 21:43:19 | INFO     | scheduler |   [Service Bid/RAs] GEM/2026/B/7253172 | Operation and Maintenance Of Electrical Systems/El | Dept: Department Of Statistics And Programme I | End: 28-04-2026 13:00:00
2026-05-27 21:43:19 | INFO     | scheduler |   [Service Bid/RAs] GEM/2026/B/7412749 | Custom Bid for Services - ---- | Dept: Department Of Military Affairs | End: 11-05-2026 13:00:00
2026-05-27 21:43:19 | INFO     | scheduler |   [Service Bid/RAs] GEM/2026/B/7441848 | Annual Maintenance Service - Photocopier Machine - | Dept: Central Armed Police Forces | End: 06-05-2026 12:00:00
2026-05-27 21:43:19 | INFO     | scheduler |   [Product Bid/RAs] GEM/2026/B/7408096 | High Resolution Satellite Data , DEM (Digital Elev | Dept: Department Of Defence Research & Develop | End: 01-05-2026 10:00:00
2026-05-27 21:43:19 | INFO     | scheduler |   [Product Bid/RAs] GEM/2026/B/7417029 | CRP Reagent code 52014007 Kit of 30 test Mispa i3  | Dept: Department Of Military Affairs | End: 15-05-2026 11:00:00
2026-05-27 21:43:19 | INFO     | scheduler |   [Product Bid/RAs] GEM/2026/B/7189456 | PROCUREMENT OF SLIP PILLOW , PROCUREMENT OF PILLOW | Dept: Department Of Military Affairs | End: 26-02-2026 17:00:00
2026-05-27 21:43:19 | INFO     | scheduler |   [Product Bid/RAs] GEM/2026/B/7252469 | SHEET PERSPEX 42.75X26X5/16'' (N0415-0002545) , | Dept: Department Of Military Affairs | End: 10-04-2026 18:00:00
2026-05-27 21:43:19 | INFO     | scheduler |   [Product Bid/RAs] GEM/2025/B/6839900 | ALH GSE CR SG TOOLS , ALH GSE CR SG TOOLS 1 , ALH  | Dept: Department Of Defence Production | End: 10-11-2025 15:00:00
2026-05-27 21:43:19 | INFO     | scheduler |   [Product Bid/RAs] GEM/2026/B/7445381 | BLANKET, CERAMIC FIBRE, HTA, 50X610X3810MM | Dept: Steel Authority Of India Limited | End: 27-04-2026 12:00:00
2026-05-27 21:43:19 | INFO     | scheduler |   [Product Bid/RAs] GEM/2025/B/7021779 | 1000072404_1_67402000290_1 Ton Cap Chain Pulley Bl | Dept: Materials | End: 19-01-2026 10:00:00
2026-05-27 21:43:19 | INFO     | scheduler |   [Product Bid/RAs] GEM/2026/B/7223285 | High End Desktop Computer (Q2) , All in One PC (V2 | Dept: Department Of Posts | End: 06-04-2026 17:00:00
2026-05-27 21:43:19 | INFO     | scheduler |   [Product Bid/RAs] GEM/2026/B/7173460 | Procurement of Whole Wxome Sequencing kit | Dept: Health And Family Welfare Department Del | End: 04-03-2026 18:00:00
2026-05-27 21:43:19 | INFO     | scheduler |   [Product Bid/RAs] GEM/2026/B/7410481 | Hiking Bag (Q3) | Dept: Department Of Health And Family Welfare | End: 23-04-2026 13:00:00
2026-05-27 21:43:19 | INFO     | scheduler | ============================================================
2026-05-27 21:43:19 | INFO     | scheduler |   Total new: 120
2026-05-27 21:43:19 | INFO     | scheduler | Single run complete. Exiting.
2026-05-27 21:43:19 | INFO     | scheduler | Scheduler stopped.
2026-05-27 21:45:14 | INFO     | scheduler | 
2026-05-27 21:45:14 | INFO     | scheduler | ============================================================
2026-05-27 21:45:14 | INFO     | scheduler | GEM BID SCRAPER SCHEDULER STARTED
2026-05-27 21:45:14 | INFO     | scheduler | Interval: every 60 minutes
2026-05-27 21:45:14 | INFO     | scheduler | Database: D:\Projects\gem_scraper\storage\gem_bids.db
2026-05-27 21:45:14 | INFO     | scheduler | ============================================================
2026-05-27 21:45:14 | INFO     | scheduler | 
▶  Run started at 2026-05-27 21:45:14
2026-05-27 21:58:25 | INFO     | scheduler | 
2026-05-27 21:58:25 | INFO     | scheduler | 🆕  NEW BIDS DETECTED THIS RUN
2026-05-27 21:58:25 | INFO     | scheduler | ============================================================
2026-05-27 21:58:25 | INFO     | scheduler |   [Single Tender] GEM/2026/B/7526414 | O2 Sensor | Dept: Energy Department Odisha | End: 28-05-2026 11:00:00
2026-05-27 21:58:25 | INFO     | scheduler |   [Limited Tender] GEM/2026/B/7507789 | 04070509 UF Membrane (DxL= 273mmx1829mm) , Desc: | Dept: Energy Department Uttar Pradesh | End: 23-05-2026 11:00:00
2026-05-27 21:58:25 | INFO     | scheduler |   [Limited Tender] GEM/2026/B/7511847 | Supply, Installation and Commissioning of AutoCAD  | Dept: Power Grid Corporation Of India Limited | End: 28-05-2026 11:00:00
2026-05-27 21:58:25 | INFO     | scheduler |   [BOQ Bids] GEM/2026/B/7537989 | Provn of Elect Heating Sys , Electric items , Oper | Dept: Department Of Military Affairs | End: 25-05-2026 09:00:00
2026-05-27 21:58:25 | INFO     | scheduler |   [BOQ Bids] GEM/2026/B/7458999 | SKF - FAG Make Bearing- Item Number-1 , SKF - FAG  | Dept: Department Of Atomic Energy | End: 21-05-2026 09:00:00
2026-05-27 21:58:25 | INFO     | scheduler |   [BOQ Bids] GEM/2026/B/7485762 | B2 8305 000077 FLANNELETTE 10 CM WIDE , J1 5120 | Dept: Department Of Military Affairs | End: 28-05-2026 09:00:00
2026-05-27 21:58:25 | INFO     | scheduler |   [BOQ Bids] GEM/2026/B/7488463 | Alexa Fluor 488 anti mouse rat human CD27 Antibody | Dept: Department Of Atomic Energy | End: 28-05-2026 09:00:00
2026-05-27 21:58:25 | INFO     | scheduler |   [BOQ Bids] GEM/2026/B/7496552 | item-1 , item-2 , item-3 , item-4 , item-5 , item- | Dept: Department Of Atomic Energy | End: 28-05-2026 09:00:00
2026-05-27 21:58:25 | INFO     | scheduler |   [BOQ Bids] GEM/2026/B/7513922 | Saddle SU complete , Riding Saddle Pad with OTA Lo | Dept: Department Of Military Affairs | End: 28-05-2026 09:00:00
2026-05-27 21:58:25 | INFO     | scheduler |   [Product Custom Bid/RAs] GEM/2026/B/7461345 | Ophthalmic Micropulse Diode Laser System | Dept: Department Of Health And Family Welfare | End: 14-05-2026 09:00:00
2026-05-27 21:58:25 | INFO     | scheduler |   [Bid To RAs]  | LV7MARUTI13200-81C10CARBURATORASSY , LV7MARU | Dept: Department Of Military Affairs | End: 25-05-2026 18:00:00
2026-05-27 21:58:25 | INFO     | scheduler |   [Service Bid/RAs] GEM/2026/B/7581075 | Repair and Overhauling Service - Wheeled Skid Stee | Dept: Department Of Military Affairs | End: 28-05-2026 09:00:00
2026-05-27 21:58:25 | INFO     | scheduler |   [Service Bid/RAs] GEM/2026/B/7581126 | Manpower Outsourcing Services - Minimum wage - | Dept: Department Of Military Affairs | End: 28-05-2026 09:00:00
2026-05-27 21:58:25 | INFO     | scheduler |   [Service Bid/RAs] GEM/2026/B/7581136 | Repair and Overhauling Service - Wheeled Skid Stee | Dept: Department Of Military Affairs | End: 28-05-2026 09:00:00
2026-05-27 21:58:25 | INFO     | scheduler |   [Service Bid/RAs] GEM/2026/B/7581449 | Repair and Overhauling Service - REPAIR OF MRS A/L | Dept: Department Of Military Affairs | End: 28-05-2026 09:00:00
2026-05-27 21:58:25 | INFO     | scheduler |   [Service Bid/RAs] GEM/2026/B/7581586 | Repair and Overhauling Service - Wheeled Skid Stee | Dept: Department Of Military Affairs | End: 28-05-2026 09:00:00
2026-05-27 21:58:25 | INFO     | scheduler |   [Service Bid/RAs] GEM/2026/B/7456498 | Annual Maintenance service-AIR CONDITIONER | Dept: Department Of Military Affairs | End: 28-05-2026 09:00:00
2026-05-27 21:58:25 | INFO     | scheduler |   [Service Bid/RAs] GEM/2026/B/7464004 | Customized AMC/CMC for Pre-owned Products - AMC FO | Dept: Department Of Military Affairs | End: 28-05-2026 09:00:00
2026-05-27 21:58:25 | INFO     | scheduler |   [Service Bid/RAs] GEM/2026/B/7480414 | Facility Management Service - Outcome Based | Dept: Department Of Military Affairs | End: 28-05-2026 09:00:00
2026-05-27 21:58:25 | INFO     | scheduler | ============================================================
2026-05-27 21:58:25 | INFO     | scheduler |   Total new: 19
2026-05-27 21:58:25 | INFO     | scheduler | Single run complete. Exiting.
2026-05-27 21:58:25 | INFO     | scheduler | Scheduler stopped.
2026-05-27 22:51:56 | INFO     | scheduler | 
2026-05-27 22:51:56 | INFO     | scheduler | ============================================================
2026-05-27 22:51:56 | INFO     | scheduler | GEM BID SCRAPER SCHEDULER STARTED
2026-05-27 22:51:56 | INFO     | scheduler | Interval: every 60 minutes
2026-05-27 22:51:56 | INFO     | scheduler | Database: D:\Projects\gem_scraper\storage\gem_bids.db
2026-05-27 22:51:56 | INFO     | scheduler | ============================================================
2026-05-27 22:51:56 | INFO     | scheduler | 
▶  Run started at 2026-05-27 22:51:56
2026-05-27 22:53:04 | INFO     | scheduler | Shutdown signal received — stopping after current run.
2026-05-27 22:53:04 | INFO     | scheduler | Shutdown signal received — stopping after current run.
2026-05-27 22:53:04 | INFO     | scheduler | Shutdown signal received — stopping after current run.
2026-05-27 22:53:05 | INFO     | scheduler | Shutdown signal received — stopping after current run.
2026-05-27 22:53:05 | INFO     | scheduler | Shutdown signal received — stopping after current run.
2026-05-27 22:53:05 | INFO     | scheduler | Shutdown signal received — stopping after current run.
2026-05-27 22:53:05 | INFO     | scheduler | Shutdown signal received — stopping after current run.
2026-05-27 22:53:05 | INFO     | scheduler | Shutdown signal received — stopping after current run.
2026-05-27 22:53:05 | INFO     | scheduler | Shutdown signal received — stopping after current run.
2026-05-27 22:53:05 | INFO     | scheduler | Shutdown signal received — stopping after current run.
2026-05-27 22:53:05 | INFO     | scheduler | Shutdown signal received — stopping after current run.
2026-05-27 22:53:05 | INFO     | scheduler | Shutdown signal received — stopping after current run.
2026-05-27 22:53:20 | INFO     | scheduler | 
2026-05-27 22:53:20 | INFO     | scheduler | ============================================================
2026-05-27 22:53:20 | INFO     | scheduler | GEM BID SCRAPER SCHEDULER STARTED
2026-05-27 22:53:20 | INFO     | scheduler | Interval: every 60 minutes
2026-05-27 22:53:20 | INFO     | scheduler | Database: D:\Projects\gem_scraper\storage\gem_bids.db
2026-05-27 22:53:20 | INFO     | scheduler | ============================================================
2026-05-27 22:53:20 | INFO     | scheduler | 
▶  Run started at 2026-05-27 22:53:20
2026-05-27 23:01:16 | INFO     | scheduler | 
2026-05-27 23:01:16 | INFO     | scheduler | 🆕  NEW BIDS DETECTED THIS RUN
2026-05-27 23:01:16 | INFO     | scheduler | ============================================================
2026-05-27 23:01:16 | INFO     | scheduler |   [Single Tender] GEM/2026/B/7557695 | ANNUAL MAINTENANCE SERVICE FOR Centralised air | Dept: Indian Oil Corporation Limited | End: 28-05-2026 10:00:00
2026-05-27 23:01:16 | INFO     | scheduler |   [Single Tender] GEM/2026/B/7545644 | SMA Connectors for Power Combiners | Dept: Space | End: 28-05-2026 10:00:00
2026-05-27 23:01:16 | INFO     | scheduler |   [Single Tender] GEM/2026/B/7485894 | Counter Shaft Pulley for 4' Crusher | Dept: Hindustan Copper Limited | End: 25-05-2026 10:00:00
2026-05-27 23:01:16 | INFO     | scheduler |   [Single Tender] GEM/2026/B/7469914 | GDT to MCS Cable , GETAC Laptop spare battery , RF | Dept: Department Of Military Affairs | End: 28-05-2026 09:00:00
2026-05-27 23:01:16 | INFO     | scheduler |   [Single Tender] GEM/2026/B/7485747 | Custom Bid for Services - Technical field Adviser | Dept: Energy Department Uttar Pradesh | End: 21-05-2026 09:00:00
2026-05-27 23:01:16 | INFO     | scheduler |   [Limited Tender] GEM/2026/B/7471797 | TRANSFORMER OIL | Dept: Materials | End: 18-05-2026 10:00:00
2026-05-27 23:01:16 | INFO     | scheduler |   [Limited Tender] GEM/2026/B/7551811 | Repair, Maintenance, and Installation of Plant/ | Dept: Energy Department Uttar Pradesh | End: 28-05-2026 10:00:00
2026-05-27 23:01:16 | INFO     | scheduler |   [Limited Tender] GEM/2026/B/7551866 | Repair, Maintenance, and Installation of Plant/ | Dept: Energy Department Uttar Pradesh | End: 28-05-2026 10:00:00
2026-05-27 23:01:16 | INFO     | scheduler |   [Limited Tender] GEM/2026/B/7570256 | Plain Copier Paper (V3) ISI Marked to IS 14490 (Q4 | Dept: Department Of Heavy Industry | End: 25-05-2026 10:00:00
2026-05-27 23:01:16 | INFO     | scheduler |   [Limited Tender] GEM/2026/B/7536554 | EXPLOSIVE BOLT , EB SQUIB PLUG ASSY WITH HARNESS , | Dept: Department Of Defence Production | End: 28-05-2026 10:00:00
2026-05-27 23:01:16 | INFO     | scheduler |   [Global Tender] GEM/2026/B/7560028 | GlobalTenderCategory (Q3) | Dept: Space | End: 10-06-2026 12:00:00
2026-05-27 23:01:16 | INFO     | scheduler |   [Global Tender] GEM/2026/B/7429899 | GlobalTenderCategory (Q3) | Dept: Department Of Scientific And Industrial  | End: 18-05-2026 15:00:00
2026-05-27 23:01:16 | INFO     | scheduler |   [Global Tender] GEM/2026/B/7509648 | GlobalTenderCategory (Q3) | Dept: Department Of Health And Family Welfare | End: 03-06-2026 10:00:00
2026-05-27 23:01:16 | INFO     | scheduler |   [Global Tender] GEM/2026/B/7473435 | GlobalTenderCategory (Q3) | Dept: Space | End: 25-05-2026 16:00:00
2026-05-27 23:01:16 | INFO     | scheduler |   [Global Tender] GEM/2026/B/7465807 | GlobalTenderCategory (Q3) | Dept: Department Of Health Research | End: 14-05-2026 13:00:00
2026-05-27 23:01:16 | INFO     | scheduler |   [Rate Contract Bids] GEM/2026/B/7532717 | HANDCART , Belcha , Kudal , Sabbal , Gaita , Katta | Dept: Urban Development And Housing Department | End: 28-05-2026 14:00:00
2026-05-27 23:01:16 | INFO     | scheduler |   [Rate Contract Bids] GEM/2026/B/7525919 | screw and socketed in random length of 4 to 7 m wi | Dept: Uttar Pradesh Cooperative Sugar Factorie | End: 28-05-2026 13:00:00
2026-05-27 23:01:16 | INFO     | scheduler |   [Rate Contract Bids] GEM/2026/B/7526325 | Seamless solid drawn 70 isto 30 Alloy New Brass tu | Dept: Uttar Pradesh Cooperative Sugar Factorie | End: 28-05-2026 13:00:00
2026-05-27 23:01:16 | INFO     | scheduler |   [Rate Contract Bids] GEM/2026/B/7514993 | Bleaching powder , Lime powder , Rubber Gloves , P | Dept: Urban Development Directorate Of Uttarak | End: 28-05-2026 11:00:00
2026-05-27 23:01:16 | INFO     | scheduler |   [Rate Contract Bids] GEM/2026/B/7488203 | Domite tip of sp shock resistance alloy steel, har | Dept: Cane Development (ganna Vikas Vibhag) De | End: 21-05-2026 11:00:00
2026-05-27 23:01:16 | INFO     | scheduler |   [BOQ Bids] GEM/2026/B/7511186 | KIT FOR ESTIMATION OF HDL CHOLESTEROL OF 100ML , K | Dept: Department Of Military Affairs | End: 28-05-2026 09:00:00
2026-05-27 23:01:16 | INFO     | scheduler |   [BOQ Bids] GEM/2026/B/7511203 | Promethazine HCL 2.5percent 25mg ml 2ml Inj , Nalo | Dept: Department Of Military Affairs | End: 18-05-2026 09:00:00
2026-05-27 23:01:16 | INFO     | scheduler |   [BOQ Bids] GEM/2026/B/7511546 | supply of military rugged multi display controller | Dept: Department Of Military Affairs | End: 25-05-2026 09:00:00
2026-05-27 23:01:16 | INFO     | scheduler |   [BOQ Bids] GEM/2026/B/7511762 | Inj Diazepam 10mg in Amp of 2ml , Metronidazole Su | Dept: Department Of Military Affairs | End: 28-05-2026 09:00:00
2026-05-27 23:01:16 | INFO     | scheduler |   [BOQ Bids] GEM/2026/B/7512339 | 2 MP PTZ Camera , POE switch giga , Media Converte | Dept: Department Of Military Affairs | End: 28-05-2026 09:00:00
2026-05-27 23:01:16 | INFO     | scheduler |   [Product Custom Bid/RAs] GEM/2026/B/7500730 | OXYGEN METER | Dept: Department Of Defence Production | End: 25-05-2026 09:00:00
2026-05-27 23:01:16 | INFO     | scheduler |   [Product Custom Bid/RAs] GEM/2026/B/7506691 | server | Dept: Department Of Military Affairs | End: 25-05-2026 09:00:00
2026-05-27 23:01:16 | INFO     | scheduler |   [Product Custom Bid/RAs] GEM/2026/B/7510162 | O Ring | Dept: Ai Airport Services Limited | End: 18-05-2026 18:00:00
2026-05-27 23:01:16 | INFO     | scheduler |   [Product Custom Bid/RAs] GEM/2026/B/7511194 | SEAL PACKING TO DS CAT NO 5335-000356 OF BOF STD | Dept: Department Of Defence Production | End: 22-05-2026 09:00:00
2026-05-27 23:01:16 | INFO     | scheduler |   [Bid To RAs] GEM/2026/B/7432093 | SUMMER HEAD SET SYSTEM (LEATHER HELMET) | Dept: Department Of Military Affairs | End: 01-05-2026 09:00:00
2026-05-27 23:01:16 | INFO     | scheduler |   [Bid To RAs]  | LV7STLN2990-72-0484279ECUASSY , LV7MARUTI13885 | Dept: Department Of Military Affairs | End: 25-05-2026 17:00:00
2026-05-27 23:01:16 | INFO     | scheduler |   [Bid To RAs]  | LV7STLNP-0924951BRGSETCONROD1.00MM , LV7STLNV | Dept: Department Of Military Affairs | End: 25-05-2026 17:00:00
2026-05-27 23:01:16 | INFO     | scheduler |   [Bid To RAs] GEM/2026/B/7287849 | SERVICING HOSE HP | Dept: Department Of Military Affairs | End: 18-03-2026 11:00:00
2026-05-27 23:01:16 | INFO     | scheduler |   [Bid To RAs] GEM/2026/B/7561178 | Tea Leaf (??? ?????) (Q4) | Dept: Department Of Military Affairs | End: 22-05-2026 14:00:00
2026-05-27 23:01:16 | INFO     | scheduler |   [Service Bid/RAs] GEM/2026/B/7511527 | Custom Bid for Services - Hiring of one tyre mount | Dept: Department Of Military Affairs | End: 28-05-2026 09:00:00
2026-05-27 23:01:16 | INFO     | scheduler |   [Service Bid/RAs] GEM/2026/B/7511720 | Repair and Overhauling Service - 4760 MAIN SWITCH | Dept: Department Of Military Affairs | End: 28-05-2026 09:00:00
2026-05-27 23:01:16 | INFO     | scheduler |   [Service Bid/RAs] GEM/2026/B/7512177 | Handling ,Transport and Other Mining Services - Pe | Dept: Department Of Food And Public Distributi | End: 28-05-2026 09:00:00
2026-05-27 23:01:16 | INFO     | scheduler |   [Service Bid/RAs] GEM/2026/B/7514181 | Stitching and Tailoring Service - Cutting + Stitch | Dept: Department Of Military Affairs | End: 28-05-2026 09:00:00
2026-05-27 23:01:16 | INFO     | scheduler |   [Service Bid/RAs] GEM/2026/B/7516245 | Repair and Overhauling Service - MOBILE POWER PLAN | Dept: Department Of Military Affairs | End: 28-05-2026 09:00:00
2026-05-27 23:01:16 | INFO     | scheduler |   [Product Bid/RAs] GEM/2026/B/7484117 | Circuit Breakers for DC Operation (Q3) | Dept: Department Of Atomic Energy | End: 28-05-2026 09:00:00
2026-05-27 23:01:16 | INFO     | scheduler |   [Product Bid/RAs] GEM/2026/B/7498952 | 21956012100 , 21956030230 , 21956030220 , | Dept: Materials | End: 28-05-2026 09:00:00
2026-05-27 23:01:16 | INFO     | scheduler |   [Product Bid/RAs] GEM/2026/B/7502486 | Multipara Monitor - Low End (Q2) | Dept: Department Of Health And Family Welfare | End: 28-05-2026 09:00:00
2026-05-27 23:01:16 | INFO     | scheduler |   [Product Bid/RAs] GEM/2026/B/7514278 | Geographic Information System (GIS) Software (V3)  | Dept: Science And Technology Department Haryan | End: 18-05-2026 09:00:00
2026-05-27 23:01:16 | INFO     | scheduler |   [Product Bid/RAs] GEM/2026/B/7306031 | the NIT. No | Dept: Department Of Heavy Industry | End: 23-03-2026 15:00:00
2026-05-27 23:01:16 | INFO     | scheduler | ============================================================
2026-05-27 23:01:16 | INFO     | scheduler |   Total new: 44
2026-05-27 23:01:16 | INFO     | scheduler | Single run complete. Exiting.
2026-05-27 23:01:16 | INFO     | scheduler | Scheduler stopped.
2026-05-29 10:41:42 | INFO     | scheduler | 
2026-05-29 10:41:42 | INFO     | scheduler | ============================================================
2026-05-29 10:41:42 | INFO     | scheduler | GEM BID SCRAPER SCHEDULER STARTED
2026-05-29 10:41:42 | INFO     | scheduler | Interval: every 60 minutes
2026-05-29 10:41:42 | INFO     | scheduler | Database: D:\Projects\gem_scraper\storage\gem_bids.db
2026-05-29 10:41:42 | INFO     | scheduler | ============================================================
2026-05-29 10:41:42 | INFO     | scheduler | 
▶  Run started at 2026-05-29 10:41:42
2026-05-29 10:50:16 | INFO     | scheduler | Shutdown signal received — stopping after current run.
2026-05-29 10:50:16 | INFO     | scheduler | Shutdown signal received — stopping after current run.
2026-05-29 10:50:17 | INFO     | scheduler | Shutdown signal received — stopping after current run.
2026-05-29 10:50:17 | INFO     | scheduler | Shutdown signal received — stopping after current run.
2026-05-29 10:50:17 | INFO     | scheduler | Shutdown signal received — stopping after current run.
2026-05-29 10:50:17 | INFO     | scheduler | Shutdown signal received — stopping after current run.
2026-05-29 10:50:17 | INFO     | scheduler | Shutdown signal received — stopping after current run.
2026-05-29 10:50:18 | INFO     | scheduler | Shutdown signal received — stopping after current run.
2026-05-29 10:50:18 | INFO     | scheduler | Shutdown signal received — stopping after current run.
2026-05-29 10:50:19 | INFO     | scheduler | Shutdown signal received — stopping after current run.
2026-05-29 10:50:19 | INFO     | scheduler | Shutdown signal received — stopping after current run.
2026-05-29 10:50:19 | INFO     | scheduler | Shutdown signal received — stopping after current run.
2026-05-29 10:52:22 | INFO     | scheduler | 
2026-05-29 10:52:22 | INFO     | scheduler | ============================================================
2026-05-29 10:52:22 | INFO     | scheduler | GEM BID SCRAPER SCHEDULER STARTED
2026-05-29 10:52:22 | INFO     | scheduler | Interval: every 60 minutes
2026-05-29 10:52:22 | INFO     | scheduler | Database: D:\Projects\gem_scraper\storage\gem_bids.db
2026-05-29 10:52:22 | INFO     | scheduler | ============================================================
2026-05-29 10:52:22 | INFO     | scheduler | 
▶  Run started at 2026-05-29 10:52:22
2026-05-29 11:01:00 | INFO     | scheduler | 
2026-05-29 11:01:00 | INFO     | scheduler | 🆕  NEW BIDS DETECTED THIS RUN
2026-05-29 11:01:00 | INFO     | scheduler | ============================================================
2026-05-29 11:01:00 | INFO     | scheduler |   [Single Tender] GEM/2026/B/7520648 | Digital Indicator , Material code: W96415207970 ,  | Dept: Energy Department Uttar Pradesh | End: 29-05-2026 13:00:00
2026-05-29 11:01:00 | INFO     | scheduler |   [Single Tender] GEM/2026/B/7473234 | PROCUREMENT OF GYRO SPARE (01 No. ) | Dept: Department Of Defence | End: 29-05-2026 12:00:00
2026-05-29 11:01:00 | INFO     | scheduler |   [Single Tender] GEM/2026/B/7499828 | 108600002003_ SPRING RETAINER , 153600005004_ | Dept: Department Of Defence Production | End: 29-05-2026 12:00:00
2026-05-29 11:01:00 | INFO     | scheduler |   [Single Tender] GEM/2026/B/7488019 | 1IGBT, 216127500035, DELTA, VFD750C43A , 2 CNTRL B | Dept: Rashtriya Ispat Nigam Limited | End: 19-05-2026 12:00:00
2026-05-29 11:01:00 | INFO     | scheduler |   [Single Tender] GEM/2026/B/7529289 | ETHERNET SW-LAYER-2, RELAY LAN SICOM3024P , | Dept: Department Of Fertilizers | End: 25-05-2026 12:00:00
2026-05-29 11:01:00 | INFO     | scheduler |   [Limited Tender] GEM/2026/B/7552151 | Dark Fiber Lease Service - Point to Point Based -  | Dept: Power Grid Corporation Of India Limited | End: 29-05-2026 11:00:00
2026-05-29 11:01:00 | INFO     | scheduler |   [Limited Tender] GEM/2026/B/7571573 | Haulage & Housekeeping Services - Haulage and | Dept: Indian Oil Corporation Limited | End: 29-05-2026 11:00:00
2026-05-29 11:01:00 | INFO     | scheduler |   [Limited Tender] GEM/2026/B/7531199 | Dark Fiber Lease Service - Point to Point Based -  | Dept: Power Grid Corporation Of India Limited | End: 22-05-2026 11:00:00
2026-05-29 11:01:00 | INFO     | scheduler |   [Limited Tender] GEM/2026/B/7543288 | Dark Fiber Lease Service - Point to Point Based -  | Dept: Power Grid Corporation Of India Limited | End: 29-05-2026 11:00:00
2026-05-29 11:01:00 | INFO     | scheduler |   [Limited Tender] GEM/2026/B/7543353 | Dark Fiber Lease Service - Point to Point Based -  | Dept: Power Grid Corporation Of India Limited | End: 29-05-2026 11:00:00
2026-05-29 11:01:00 | INFO     | scheduler |   [Global Tender] GEM/2026/B/7560028 | GlobalTenderCategory (Q3) | Dept: Space | End: 10-06-2026 12:00:00
2026-05-29 11:01:00 | INFO     | scheduler |   [Global Tender] GEM/2026/B/7429899 | GlobalTenderCategory (Q3) | Dept: Department Of Scientific And Industrial  | End: 18-05-2026 15:00:00
2026-05-29 11:01:00 | INFO     | scheduler |   [Global Tender] GEM/2026/B/7509648 | GlobalTenderCategory (Q3) | Dept: Department Of Health And Family Welfare | End: 03-06-2026 10:00:00
2026-05-29 11:01:00 | INFO     | scheduler |   [Global Tender] GEM/2026/B/7473435 | GlobalTenderCategory (Q3) | Dept: Space | End: 25-05-2026 16:00:00
2026-05-29 11:01:00 | INFO     | scheduler |   [Global Tender] GEM/2026/B/7465807 | GlobalTenderCategory (Q3) | Dept: Department Of Health Research | End: 14-05-2026 13:00:00
2026-05-29 11:01:00 | INFO     | scheduler |   [Rate Contract Bids] GEM/2026/B/7478455 | Jointing Compressed Asbestos Fiber jointing sheets | Dept: Cane Development (ganna Vikas Vibhag) De | End: 18-05-2026 11:00:00
2026-05-29 11:01:00 | INFO     | scheduler |   [Rate Contract Bids] GEM/2026/B/7496302 | NonIBR ERW APH tubes confBS6323 PartV 1982 Grade1 | Dept: Cane Development (ganna Vikas Vibhag) De | End: 23-05-2026 14:00:00
2026-05-29 11:01:00 | INFO     | scheduler |   [Rate Contract Bids] GEM/2026/B/7514993 | Bleaching powder , Lime powder , Rubber Gloves , P | Dept: Urban Development Directorate Of Uttarak | End: 28-05-2026 11:00:00
2026-05-29 11:01:00 | INFO     | scheduler |   [Rate Contract Bids] GEM/2026/B/7465759 | 0.09mm by 2.30mmby .25 mm , 0.06mm by 2.20mm by.27 | Dept: Cane Development (ganna Vikas Vibhag) De | End: 15-05-2026 15:00:00
2026-05-29 11:01:00 | INFO     | scheduler |   [Rate Contract Bids] GEM/2026/B/7544252 | Ultrasound Machine (V2) (Q2) | Dept: Health And Family Welfare Department Del | End: 29-05-2026 14:00:00
2026-05-29 11:01:00 | INFO     | scheduler |   [BOQ Bids] GEM/2026/B/7503330 | Tab Paracetamol 650mg , Tab Paracetamol 500mg , Ta | Dept: Central Armed Police Forces | End: 29-05-2026 11:00:00
2026-05-29 11:01:00 | INFO     | scheduler |   [BOQ Bids] GEM/2026/B/7492689 | EK3330B-8056-76-27-00 , EK3330B-8056-73-19-00 , | Dept: Department Of Military Affairs | End: 22-05-2026 11:00:00
2026-05-29 11:01:00 | INFO     | scheduler |   [BOQ Bids] GEM/2026/B/7492967 | WebEx Collaboration Flex Plan for 1st year , WebEx | Dept: Department Of Earth Sciences | End: 22-05-2026 11:00:00
2026-05-29 11:01:00 | INFO     | scheduler |   [BOQ Bids] GEM/2026/B/7502046 | Differential Pressure Gauge range-0 to 10000 mmwc  | Dept: Department Of Atomic Energy | End: 29-05-2026 11:00:00
2026-05-29 11:01:00 | INFO     | scheduler |   [BOQ Bids] GEM/2026/B/7508186 | Serving Tray Stainless Steel forty pt five into tw | Dept: Department Of Defence | End: 29-05-2026 11:00:00
2026-05-29 11:01:00 | INFO     | scheduler |   [Product Custom Bid/RAs] GEM/2026/B/7453006 | M/s Darshan Rubber Industries make Emergency Air L | Dept: Department Of Atomic Energy | End: 29-05-2026 11:00:00
2026-05-29 11:01:00 | INFO     | scheduler |   [Product Custom Bid/RAs] GEM/2026/B/7460150 | Snooker/Billiards Table with Accessorie , Table Te | Dept:  | End: 29-05-2026 11:00:00
2026-05-29 11:01:00 | INFO     | scheduler |   [Product Custom Bid/RAs] GEM/2026/B/7463579 | DATARACK 9U RACK ENCLOSURES NETWORKING /SERVER | Dept: Department Of Atomic Energy | End: 29-05-2026 11:00:00
2026-05-29 11:01:00 | INFO     | scheduler |   [Product Custom Bid/RAs] GEM/2026/B/7500031 | Tube Bundle Assembly for Aftercooler, Part no | Dept: Department Of Atomic Energy | End: 29-05-2026 11:00:00
2026-05-29 11:01:00 | INFO     | scheduler |   [Product Custom Bid/RAs] GEM/2026/B/7502578 | GREASE OMEGA 85 | Dept: Department Of Fertilizers | End: 29-05-2026 11:00:00
2026-05-29 11:01:00 | INFO     | scheduler |   [Bid To RAs] GEM/2026/B/7540567 | Rock Salt | Dept: Department Of Military Affairs | End: 25-05-2026 15:00:00
2026-05-29 11:01:00 | INFO     | scheduler |   [Bid To RAs] GEM/2026/B/7471556 | FORMER (ALL MATERIAL HOT ROLLED STEEL) FURNACE | Dept: Department Of Defence Production | End: 15-05-2026 11:00:00
2026-05-29 11:01:00 | INFO     | scheduler |   [Bid To RAs] GEM/2026/B/7478220 | Pre Stress Cast Boundary Wall (Q3) | Dept: Department Of Defence | End: 18-05-2026 09:00:00
2026-05-29 11:01:00 | INFO     | scheduler |   [Bid To RAs] GEM/2026/B/7424264 | Generator Set 0.75 KVA , Generator Set 3 KVA , Gen | Dept: Department Of Defence | End: 29-04-2026 13:00:00
2026-05-29 11:01:00 | INFO     | scheduler |   [Bid To RAs] GEM/2026/B/7499165 | hand held gps (Q2) | Dept: Science And Technology Department Haryan | End: 15-05-2026 09:00:00
2026-05-29 11:01:00 | INFO     | scheduler |   [Service Bid/RAs] GEM/2026/B/7500802 | Repair and Overhauling Service - OFFLOADING OF | Dept: Department Of Military Affairs | End: 29-05-2026 11:00:00
2026-05-29 11:01:00 | INFO     | scheduler |   [Service Bid/RAs] GEM/2026/B/7501386 | Custom Bid for Services - General carpentry plumbi | Dept: Indian Railways | End: 29-05-2026 11:00:00
2026-05-29 11:01:00 | INFO     | scheduler |   [Service Bid/RAs] GEM/2025/B/6699132 | Custom Bid for Services - Engineering, Manufacturi | Dept: Department Of Defence Research & Develop | End: 18-12-2025 09:00:00
2026-05-29 11:01:00 | INFO     | scheduler |   [Service Bid/RAs] GEM/2026/B/7405837 | Repair, Maintenance, and Installation of Plant/ | Dept: Power Grid Corporation Of India Limited | End: 29-05-2026 11:00:00
2026-05-29 11:01:00 | INFO     | scheduler |   [Service Bid/RAs] GEM/2026/B/7462344 | Monthly Basis Cab and Taxi Hiring Service - Withou | Dept:  | End: 29-05-2026 11:00:00
2026-05-29 11:01:00 | INFO     | scheduler |   [Product Bid/RAs] GEM/2026/B/7516335 | SET OF FACE GROOVING TOOLING OF TAEGUTEC MAKE | Dept: Department Of Defence Production | End: 22-05-2026 11:00:00
2026-05-29 11:01:00 | INFO     | scheduler |   [Product Bid/RAs] GEM/2026/B/7516594 | STAR DELTA PANEL | Dept: Brahmaputra Cracker And Polymer Limited | End: 29-05-2026 11:00:00
2026-05-29 11:01:00 | INFO     | scheduler |   [Product Bid/RAs] GEM/2026/B/7516749 | ABX Mini dil Lmg Horiba pack of 10 Ltr , ABX Lyse  | Dept: Department Of Military Affairs | End: 29-05-2026 11:00:00
2026-05-29 11:01:00 | INFO     | scheduler |   [Product Bid/RAs] GEM/2026/B/7517509 | A4 and Legal Size Multifunction Printer (MFP) (Q2) | Dept: Department Of Atomic Energy | End: 29-05-2026 11:00:00
2026-05-29 11:01:00 | INFO     | scheduler |   [Product Bid/RAs] GEM/2026/B/7486487 | Cucumber , Ladyfinger , Pumpkin , Tinda , bittergo | Dept: Department Of Military Affairs | End: 26-05-2026 12:00:00
2026-05-29 11:01:00 | INFO     | scheduler | ============================================================
2026-05-29 11:01:00 | INFO     | scheduler |   Total new: 45
2026-05-29 11:01:00 | INFO     | scheduler | Single run complete. Exiting.
2026-05-29 11:01:00 | INFO     | scheduler | Scheduler stopped.
2026-05-29 14:18:44 | INFO     | scheduler | 
2026-05-29 14:18:44 | INFO     | scheduler | ============================================================
2026-05-29 14:18:44 | INFO     | scheduler | GEM BID SCRAPER SCHEDULER STARTED
2026-05-29 14:18:44 | INFO     | scheduler | Interval: every 60 minutes
2026-05-29 14:18:44 | INFO     | scheduler | Database: D:\Projects\gem_scraper\storage\gem_bids.db
2026-05-29 14:18:44 | INFO     | scheduler | ============================================================
2026-05-29 14:18:44 | INFO     | scheduler | 
▶  Run started at 2026-05-29 14:18:44
2026-05-29 14:28:25 | INFO     | scheduler | 
2026-05-29 14:28:25 | INFO     | scheduler | 🆕  NEW BIDS DETECTED THIS RUN
2026-05-29 14:28:25 | INFO     | scheduler | ============================================================
2026-05-29 14:28:25 | INFO     | scheduler |   [Single Tender] GEM/2026/B/7546103 | LOOP POWERED INDICATOR (LCP) , MTL661 , LOOP | Dept: Indian Oil Corporation Limited | End: 29-05-2026 15:00:00
2026-05-29 14:28:25 | INFO     | scheduler |   [Single Tender] GEM/2026/B/7546233 | RECON TRANSMISSION ASSEMBLY WITH TORQUE | Dept: Nmdc Limited | End: 29-05-2026 15:00:00
2026-05-29 14:28:25 | INFO     | scheduler |   [Single Tender] GEM/2026/B/7518621 | Customized AMC/CMC for Pre-owned Products - TMC fo | Dept: Nlc India Limited | End: 29-05-2026 15:00:00
2026-05-29 14:28:25 | INFO     | scheduler |   [Single Tender] GEM/2026/B/7491207 | Customized AMC/CMC for Pre-owned Products - | Dept: Indian Oil Corporation Limited | End: 15-05-2026 15:00:00
2026-05-29 14:28:25 | INFO     | scheduler |   [Single Tender] GEM/2026/B/7492127 | Technical Specification as per RFQ no 10 , Technic | Dept: Indian Oil Corporation Limited | End: 29-05-2026 15:00:00
2026-05-29 14:28:25 | INFO     | scheduler |   [Limited Tender] GEM/2026/B/7548266 | DGR Empanelled ESM Security Services | Dept: Department Of Heavy Industry | End: 29-05-2026 15:00:00
2026-05-29 14:28:25 | INFO     | scheduler |   [Limited Tender] GEM/2026/B/7498207 | SOCKET WRENCH 10X12 / 54.28. 045-1 , SOCKET WRENCH | Dept: Department Of Defence Production | End: 29-05-2026 15:00:00
2026-05-29 14:28:25 | INFO     | scheduler |   [Limited Tender] GEM/2026/B/7500136 | Calibration Services - As per scope of work; Tempe | Dept:  | End: 29-05-2026 15:00:00
2026-05-29 14:28:25 | INFO     | scheduler |   [Limited Tender] GEM/2026/B/7490903 | Supply of Counter weight for Insulator pilot fitti | Dept: Power Grid Corporation Of India Limited | End: 21-05-2026 15:00:00
2026-05-29 14:28:25 | INFO     | scheduler |   [Limited Tender] GEM/2026/B/7503471 | Design, Manufacturing, Supply &Commissioning of Po | Dept: Hooghly Cochin Shipyard Limited | End: 15-05-2026 19:00:00
2026-05-29 14:28:25 | INFO     | scheduler |   [Global Tender] GEM/2026/B/7560028 | GlobalTenderCategory (Q3) | Dept: Space | End: 10-06-2026 12:00:00
2026-05-29 14:28:25 | INFO     | scheduler |   [Global Tender] GEM/2026/B/7429899 | GlobalTenderCategory (Q3) | Dept: Department Of Scientific And Industrial  | End: 18-05-2026 15:00:00
2026-05-29 14:28:25 | INFO     | scheduler |   [Global Tender] GEM/2026/B/7509648 | GlobalTenderCategory (Q3) | Dept: Department Of Health And Family Welfare | End: 03-06-2026 10:00:00
2026-05-29 14:28:25 | INFO     | scheduler |   [Global Tender] GEM/2026/B/7473435 | GlobalTenderCategory (Q3) | Dept: Space | End: 25-05-2026 16:00:00
2026-05-29 14:28:25 | INFO     | scheduler |   [Global Tender] GEM/2026/B/7465807 | GlobalTenderCategory (Q3) | Dept: Department Of Health Research | End: 14-05-2026 13:00:00
2026-05-29 14:28:25 | INFO     | scheduler |   [Rate Contract Bids] GEM/2026/B/7479402 | Magma and massecuite pump Rotor type 6 Inch By 6 I | Dept: Cane Development (ganna Vikas Vibhag) De | End: 18-05-2026 13:00:00
2026-05-29 14:28:25 | INFO     | scheduler |   [Rate Contract Bids] GEM/2026/B/7478455 | Jointing Compressed Asbestos Fiber jointing sheets | Dept: Cane Development (ganna Vikas Vibhag) De | End: 18-05-2026 11:00:00
2026-05-29 14:28:25 | INFO     | scheduler |   [Rate Contract Bids] GEM/2026/B/7496302 | NonIBR ERW APH tubes confBS6323 PartV 1982 Grade1 | Dept: Cane Development (ganna Vikas Vibhag) De | End: 23-05-2026 14:00:00
2026-05-29 14:28:25 | INFO     | scheduler |   [Rate Contract Bids] GEM/2026/B/7514993 | Bleaching powder , Lime powder , Rubber Gloves , P | Dept: Urban Development Directorate Of Uttarak | End: 28-05-2026 11:00:00
2026-05-29 14:28:25 | INFO     | scheduler |   [Rate Contract Bids] GEM/2026/B/7465759 | 0.09mm by 2.30mmby .25 mm , 0.06mm by 2.20mm by.27 | Dept: Cane Development (ganna Vikas Vibhag) De | End: 15-05-2026 15:00:00
2026-05-29 14:28:25 | INFO     | scheduler |   [BOQ Bids] GEM/2026/B/7105734 | CHECK LIST PUBLIC AREA as per specification , Dail | Dept: India Tourism Development Corporation Li | End: 03-03-2026 15:00:00
2026-05-29 14:28:25 | INFO     | scheduler |   [BOQ Bids] GEM/2026/B/7534659 | 61 oblique 1 dash 61oblique JCB dash333 oblique Y4 | Dept: Department Of Military Affairs | End: 23-05-2026 20:00:00
2026-05-29 14:28:25 | INFO     | scheduler |   [BOQ Bids] GEM/2026/B/7389632 | Triglyceride Kit , Uric acid kit , HDL Direct , ER | Dept: Department Of Military Affairs | End: 21-04-2026 11:00:00
2026-05-29 14:28:25 | INFO     | scheduler |   [BOQ Bids] GEM/2026/B/7386008 | GS71-200-00898 , GS71-200-00946 , GS71-200-00899 , | Dept: Department Of Defence Production | End: 25-04-2026 11:00:00
2026-05-29 14:28:25 | INFO     | scheduler |   [BOQ Bids] GEM/2026/B/7403302 | Firewall hardware , Log analyzer licenses , ZTNA a | Dept: Department Of Defence Production | End: 09-04-2026 17:00:00
2026-05-29 14:28:25 | INFO     | scheduler |   [Product Custom Bid/RAs] GEM/2026/B/7239254 | TYRE: 24.00X35, 48PR, E-4 TL(item-10: 402109090274 | Dept: Steel Authority Of India Limited | End: 07-03-2026 11:00:00
2026-05-29 14:28:25 | INFO     | scheduler |   [Product Custom Bid/RAs] GEM/2026/B/7473585 | DEVELOPMENT & SUPPLY OF CHARGE AIR COOLER | Dept: Department Of Defence Research & Develop | End: 18-05-2026 11:00:00
2026-05-29 14:28:25 | INFO     | scheduler |   [Product Custom Bid/RAs] GEM/2026/B/7380365 | Titanium Heater with Junction Box (Details as per  | Dept: Department Of Heavy Industry | End: 06-04-2026 14:00:00
2026-05-29 14:28:25 | INFO     | scheduler |   [Product Custom Bid/RAs] GEM/2025/B/6909377 | 150 LPH WATER STORAGE COOLER | Dept: Department Of Higher Education | End: 15-12-2025 17:00:00
2026-05-29 14:28:25 | INFO     | scheduler |   [Product Custom Bid/RAs] GEM/2026/B/7439340 | PILLAR BRICKS TO SIZE 700MM x 115MM x 115MM AS PER | Dept: Department Of Defence Production | End: 04-05-2026 17:00:00
2026-05-29 14:28:25 | INFO     | scheduler |   [Bid To RAs] GEM/2026/B/7563222 | Tea CTC (V2) (Defence) (Q2) | Dept: Department Of Defence | End: 23-05-2026 14:00:00
2026-05-29 14:28:25 | INFO     | scheduler |   [Bid To RAs] GEM/2026/B/7335937 | Material Code_76908016320_1_1000072319_UOM_EA , | Dept: Materials | End: 30-03-2026 14:00:00
2026-05-29 14:28:25 | INFO     | scheduler |   [Bid To RAs] GEM/2026/B/7218587 | ACTIVATED ALUMINA FOR AIR DRYERS CONFORMING TO IS | Dept: Materials | End: 06-03-2026 19:00:00
2026-05-29 14:28:25 | INFO     | scheduler |   [Bid To RAs] GEM/2026/B/7482374 | PORTABLE MUSCLE OXYGEN MEASUREMENT SYSTEM | Dept: Department Of Defence Research & Develop | End: 11-05-2026 12:00:00
2026-05-29 14:28:25 | INFO     | scheduler |   [Bid To RAs] GEM/2026/B/7549614 | Large Cardamom (Badi Elaichi) as per IS 13446 (Q4) | Dept: Department Of Military Affairs | End: 19-05-2026 15:00:00
2026-05-29 14:28:25 | INFO     | scheduler |   [Service Bid/RAs] GEM/2026/B/7414313 | Hiring of Earth Moving Equipments, Material Handli | Dept: Department Of Military Affairs | End: 07-05-2026 20:00:00
2026-05-29 14:28:25 | INFO     | scheduler |   [Service Bid/RAs] GEM/2026/B/7455537 | Custom Bid for Services - Hiring of Load Carrier 9 | Dept: Department Of Military Affairs | End: 18-05-2026 21:00:00
2026-05-29 14:28:25 | INFO     | scheduler |   [Service Bid/RAs] GEM/2026/B/7533191 | Repair and Overhauling Service - L-96 for H-187 at | Dept: Department Of Defence | End: 23-05-2026 11:00:00
2026-05-29 14:28:25 | INFO     | scheduler |   [Service Bid/RAs] GEM/2026/B/7506290 | Custom Bid for Services - DISPATCH OF EXPORT | Dept: Department Of Defence Production | End: 15-05-2026 20:00:00
2026-05-29 14:28:25 | INFO     | scheduler |   [Service Bid/RAs] GEM/2026/B/7526808 | Short Term Cab & Taxi Hiring Services - SUV; Outst | Dept: Department Of Military Affairs | End: 21-05-2026 18:00:00
2026-05-29 14:28:25 | INFO     | scheduler |   [Product Bid/RAs] GEM/2026/B/7457889 | Gas Cooler (Tag No. 073-E-401) , Mandatory Spares  | Dept: Indian Oil Corporation Limited | End: 01-05-2026 16:00:00
2026-05-29 14:28:25 | INFO     | scheduler |   [Product Bid/RAs] GEM/2026/B/7556613 | Refined Sunflower Oil (V4) (Defence) (Q3) | Dept: Department Of Military Affairs | End: 25-05-2026 10:00:00
2026-05-29 14:28:25 | INFO     | scheduler |   [Product Bid/RAs] GEM/2026/B/7324059 | CONICAL EPOXY NUT M-12 TO DRG TR24030N ITEM 20 & S | Dept: Department Of Heavy Industry | End: 17-03-2026 14:00:00
2026-05-29 14:28:25 | INFO     | scheduler |   [Product Bid/RAs] GEM/2026/B/7549045 | Refined Sunflower Oil (V4) (Defence) (Q3) | Dept: Department Of Military Affairs | End: 25-05-2026 10:00:00
2026-05-29 14:28:25 | INFO     | scheduler |   [Product Bid/RAs] GEM/2026/B/7463764 | Microbial Fuel Test Kit (Q3) | Dept: Department Of Military Affairs | End: 02-05-2026 12:00:00
2026-05-29 14:28:25 | INFO     | scheduler | ============================================================
2026-05-29 14:28:25 | INFO     | scheduler |   Total new: 45
2026-05-29 14:28:25 | INFO     | scheduler | Single run complete. Exiting.
2026-05-29 14:28:25 | INFO     | scheduler | Scheduler stopped.
2026-05-29 15:36:49 | INFO     | scheduler | 
2026-05-29 15:36:49 | INFO     | scheduler | ============================================================
2026-05-29 15:36:49 | INFO     | scheduler | GEM BID SCRAPER SCHEDULER STARTED
2026-05-29 15:36:49 | INFO     | scheduler | Interval: every 60 minutes
2026-05-29 15:36:49 | INFO     | scheduler | Database: D:\Projects\gem_scraper\storage\gem_bids.db
2026-05-29 15:36:49 | INFO     | scheduler | ============================================================
2026-05-29 15:36:49 | INFO     | scheduler | 
▶  Run started at 2026-05-29 15:36:49
2026-05-29 15:41:34 | INFO     | scheduler | 
2026-05-29 15:41:34 | INFO     | scheduler | 🆕  NEW BIDS DETECTED THIS RUN
2026-05-29 15:41:34 | INFO     | scheduler | ============================================================
2026-05-29 15:41:34 | INFO     | scheduler |   [Single Tender] GEM/2026/B/7513226 | 9040M26D01 Procurement of M/s POWER BUILD PVT. LTD | Dept: Indian Oil Corporation Limited | End: 22-05-2026 16:00:00
2026-05-29 15:41:34 | INFO     | scheduler |   [Limited Tender] GEM/2026/B/7457889 | Gas Cooler (Tag No. 073-E-401) , Mandatory Spares  | Dept: Indian Oil Corporation Limited | End: 01-05-2026 16:00:00
2026-05-29 15:41:34 | INFO     | scheduler |   [Global Tender] GEM/2026/B/7465807 | GlobalTenderCategory (Q3) | Dept: Department Of Health Research | End: 14-05-2026 13:00:00
2026-05-29 15:41:34 | INFO     | scheduler |   [Rate Contract Bids] GEM/2026/B/7514993 | Bleaching powder , Lime powder , Rubber Gloves , P | Dept: Urban Development Directorate Of Uttarak | End: 28-05-2026 11:00:00
2026-05-29 15:41:34 | INFO     | scheduler |   [BOQ Bids] GEM/2026/B/7403302 | Firewall hardware , Log analyzer licenses , ZTNA a | Dept: Department Of Defence Production | End: 09-04-2026 17:00:00
2026-05-29 15:41:34 | INFO     | scheduler |   [Product Custom Bid/RAs] GEM/2026/B/7352222 | Supply & Installation of P-4 LED Module screen | Dept: Steel Authority Of India Limited | End: 23-03-2026 15:00:00
2026-05-29 15:41:34 | INFO     | scheduler |   [Bid To RAs] GEM/2026/B/7374550 | TUBE INNER 7.50X16 , TUBE INNER 195 65 R15 , TUBE | Dept: Department Of Military Affairs | End: 05-05-2026 14:00:00
2026-05-29 15:41:34 | INFO     | scheduler |   [Service Bid/RAs] GEM/2026/B/7478561 | Repair and Overhauling Service - Tractors (V1); AI | Dept: Department Of Military Affairs | End: 14-05-2026 11:00:00
2026-05-29 15:41:34 | INFO     | scheduler |   [Product Bid/RAs] GEM/2026/B/7549614 | Large Cardamom (Badi Elaichi) as per IS 13446 (Q4) | Dept: Department Of Military Affairs | End: 19-05-2026 15:00:00
2026-05-29 15:41:34 | INFO     | scheduler | ============================================================
2026-05-29 15:41:34 | INFO     | scheduler |   Total new: 9
2026-05-29 15:41:34 | INFO     | scheduler | Single run complete. Exiting.
2026-05-29 15:41:34 | INFO     | scheduler | Scheduler stopped.
2026-05-29 16:01:05 | INFO     | scheduler | 
2026-05-29 16:01:05 | INFO     | scheduler | ============================================================
2026-05-29 16:01:05 | INFO     | scheduler | GEM BID SCRAPER SCHEDULER STARTED
2026-05-29 16:01:05 | INFO     | scheduler | Interval: every 60 minutes
2026-05-29 16:01:05 | INFO     | scheduler | Database: D:\Projects\gem_scraper\storage\gem_bids.db
2026-05-29 16:01:05 | INFO     | scheduler | ============================================================
2026-05-29 16:01:05 | INFO     | scheduler | 
▶  Run started at 2026-05-29 16:01:05
2026-05-29 16:05:52 | INFO     | scheduler | 
2026-05-29 16:05:52 | INFO     | scheduler | 🆕  NEW BIDS DETECTED THIS RUN
2026-05-29 16:05:52 | INFO     | scheduler | ============================================================
2026-05-29 16:05:52 | INFO     | scheduler |   [Single Tender] GEM/2026/B/7504415 | Customized AMC/CMC for Pre-owned Products - | Dept: Indian Oil Corporation Limited | End: 29-05-2026 17:00:00
2026-05-29 16:05:52 | INFO     | scheduler |   [Limited Tender] GEM/2026/B/7457889 | Gas Cooler (Tag No. 073-E-401) , Mandatory Spares  | Dept: Indian Oil Corporation Limited | End: 29-05-2026 16:14:00
2026-05-29 16:05:52 | INFO     | scheduler |   [Global Tender] GEM/2026/B/7465807 | GlobalTenderCategory (Q3) | Dept: Department Of Health Research | End: 30-05-2026 13:00:00
2026-05-29 16:05:52 | INFO     | scheduler |   [Rate Contract Bids] GEM/2026/B/7514993 | Bleaching powder , Lime powder , Rubber Gloves , P | Dept: Urban Development Directorate Of Uttarak | End: 29-05-2026 18:00:00
2026-05-29 16:05:52 | INFO     | scheduler |   [BOQ Bids] GEM/2026/B/7316090 | Onion , Potato , Tomato , Cabbage , Cauliflower , | Dept: Tribal Development Department Gujarat | End: 29-05-2026 16:16:00
2026-05-29 16:05:52 | INFO     | scheduler |   [Product Custom Bid/RAs] GEM/2025/B/6670870 | VFD MODULE 75KW , 22 KW VVVF 45A MIN | Dept: Rashtriya Ispat Nigam Limited | End: 29-05-2026 16:06:00
2026-05-29 16:05:52 | INFO     | scheduler |   [Bid To RAs] GEM/2026/B/7496145 | copper conductor of size 2.5 sqmm single core FRLS | Dept: Department Of Military Affairs | End: 29-05-2026 16:03:00
2026-05-29 16:05:52 | INFO     | scheduler |   [Service Bid/RAs] GEM/2026/B/7500982 | Customized AMC/CMC for Pre-owned Products - NAVEEN | Dept: Agriculture Marketing And Export Departm | End: 29-05-2026 16:03:00
2026-05-29 16:05:52 | INFO     | scheduler |   [Product Bid/RAs] GEM/2025/B/6687707 | Complete assembly of 80NB double disc slide ADV ,  | Dept: Materials Management | End: 29-05-2026 16:02:00
2026-05-29 16:05:52 | INFO     | scheduler | ============================================================
2026-05-29 16:05:52 | INFO     | scheduler |   Total new: 9
2026-05-29 16:05:52 | INFO     | scheduler | Single run complete. Exiting.
2026-05-29 16:05:52 | INFO     | scheduler | Scheduler stopped.
