2026-05-26 17:41:22 | INFO     | scraper | 
2026-05-26 17:41:22 | INFO     | scraper | ============================================================
2026-05-26 17:41:22 | INFO     | scraper | FULL SCRAPE RUN STARTED
2026-05-26 17:41:22 | INFO     | scraper | ============================================================
2026-05-26 17:41:50 | INFO     | scraper | ==================================================
2026-05-26 17:41:50 | INFO     | scraper | BID TYPE: Product Bid/RAs
2026-05-26 17:41:50 | INFO     | scraper | ==================================================
2026-05-26 17:41:59 | INFO     | scraper |   Page 1 | Collected 0/10
2026-05-26 17:41:59 | INFO     | scraper |   Cards found: 10
2026-05-26 17:44:30 | INFO     | scraper |   [1/10] GEM/2026/B/7306031 | Type: Product | RA: GEM/2026/R/671926 | NEW
2026-05-26 17:44:44 | INFO     | scraper |   [2/10] GEM/2026/B/7502063 | Type: Product | RA: GEM/2026/R/671905 | NEW
2026-05-26 17:44:57 | INFO     | scraper |   [3/10] GEM/2025/B/6996014 | Type: Product | RA: GEM/2026/R/671574 | NEW
2026-05-26 17:45:12 | INFO     | scraper |   [4/10] GEM/2026/B/7465610 | Type: Product | RA: GEM/2026/R/671964 | NEW
2026-05-26 17:45:24 | INFO     | scraper |   [5/10] GEM/2025/B/7021779 | Type: Product | RA: GEM/2026/R/671656 | NEW
2026-05-26 17:45:38 | INFO     | scraper |   [6/10] GEM/2025/B/7008160 | Type: Product | RA: GEM/2026/R/670898 | NEW
2026-05-26 17:45:58 | INFO     | scraper |   [7/10] GEM/2026/B/7460517 | Type: Product | RA: GEM/2026/R/671928 | NEW
2026-05-26 17:46:09 | INFO     | scraper |   [8/10] GEM/2026/B/7463 | Type: Product | RA: GEM/2026/R/671668 | NEW
2026-05-26 17:46:28 | INFO     | scraper |   [9/10] GEM/2025/B/6859671 | Type: Product | RA: GEM/2026/R/671099 | NEW
2026-05-26 17:46:41 | INFO     | scraper |   [10/10] GEM/2026/B/7120696 | Type: Product | RA: GEM/2026/R/671680 | NEW
2026-05-26 17:46:49 | INFO     | scraper |   DONE 'Product Bid/RAs': scraped=10 | new=10 | errors=0 | 298.76s
2026-05-26 17:46:49 | INFO     | scraper | ==================================================
2026-05-26 17:46:49 | INFO     | scraper | BID TYPE: Service Bid/RAs
2026-05-26 17:46:49 | INFO     | scraper | ==================================================
2026-05-26 17:46:59 | INFO     | scraper |   Page 1 | Collected 0/10
2026-05-26 17:46:59 | INFO     | scraper |   Cards found: 10
2026-05-26 17:47:08 | INFO     | scraper |   [1/10] GEM/2026/B/7477050 | Type: Service | RA: GEM/2026/R/671686 | NEW
2026-05-26 17:47:20 | INFO     | scraper |   [2/10] GEM/2026/B/7086556 | Type: Service | RA: GEM/2026/R/670633 | NEW
2026-05-26 17:47:31 | INFO     | scraper |   [3/10] GEM/2026/B/7303430 | Type: Service | RA: GEM/2026/R/671433 | NEW
2026-05-26 17:47:39 | INFO     | scraper |   [4/10] GEM/2026/B/7504185 | Type: Service | RA: N/A | NEW
2026-05-26 17:47:48 | INFO     | scraper |   [5/10] GEM/2026/B/7503480 | Type: Service | RA: N/A | NEW
2026-05-26 17:47:59 | INFO     | scraper |   [6/10] GEM/2026/B/7499285 | Type: Service | RA: N/A | NEW
2026-05-26 17:48:13 | INFO     | scraper |   [7/10] GEM/2026/B/7481350 | Type: Service | RA: N/A | NEW
2026-05-26 17:48:25 | INFO     | scraper |   [8/10] GEM/2026/B/7479037 | Type: Service | RA: N/A | NEW
2026-05-26 17:48:35 | INFO     | scraper |   [9/10] GEM/2026/B/7462785 | Type: Service | RA: N/A | NEW
2026-05-26 17:48:46 | INFO     | scraper |   [10/10] GEM/2026/B/7460256 | Type: Service | RA: N/A | NEW
2026-05-26 17:48:54 | INFO     | scraper |   DONE 'Service Bid/RAs': scraped=10 | new=10 | errors=0 | 124.7s
2026-05-26 17:48:54 | INFO     | scraper | ==================================================
2026-05-26 17:48:54 | INFO     | scraper | BID TYPE: Bid To RAs
2026-05-26 17:48:54 | INFO     | scraper | ==================================================
2026-05-26 17:49:03 | INFO     | scraper |   Page 1 | Collected 0/10
2026-05-26 17:49:03 | INFO     | scraper |   Cards found: 10
2026-05-26 17:49:12 | INFO     | scraper |   [1/10] GEM/2026/B/7482709 | Type: Bid To RA | RA: GEM/2026/R/671449 | NEW
2026-05-26 17:49:21 | INFO     | scraper |   [2/10] GEM/2026/B/7523628 | Type: Bid To RA | RA: GEM/2026/R/672114 | NEW
2026-05-26 17:49:41 | INFO     | scraper |   [3/10] GEM/2026/B/7382732 | Type: Bid To RA | RA: GEM/2026/R/671486 | NEW
2026-05-26 17:49:51 | INFO     | scraper |   [4/10] GEM/2026/B/7432560 | Type: Bid To RA | RA: GEM/2026/R/671173 | NEW
2026-05-26 17:50:01 | INFO     | scraper |   [5/10] GEM/2026/B/7513146 | Type: Bid To RA | RA: GEM/2026/R/671760 | NEW
2026-05-26 17:50:14 | INFO     | scraper |   [6/10] GEM/2026/B/7417029 | Type: Bid To RA | RA: GEM/2026/R/671855 | NEW
2026-05-26 17:50:21 | INFO     | scraper |   Page 2 | Collected 6/10
2026-05-26 17:50:21 | INFO     | scraper |   Cards found: 10
2026-05-26 17:50:30 | INFO     | scraper |   [7/10] GEM/2025/B/6937012 | Type: Bid To RA | RA: GEM/2026/R/669664 | NEW
2026-05-26 17:50:40 | INFO     | scraper |   [8/10] GEM/2026/B/7268255 | Type: Bid To RA | RA: GEM/2026/R/671931 | NEW
2026-05-26 17:50:48 | INFO     | scraper |   [9/10] GEM/2026/B/7485827 | Type: Bid To RA | RA: GEM/2026/R/672119 | NEW
2026-05-26 17:50:56 | INFO     | scraper |   [10/10] GEM/2026/B/7461528 | Type: Bid To RA | RA: GEM/2026/R/672118 | NEW
2026-05-26 17:51:04 | INFO     | scraper |   DONE 'Bid To RAs': scraped=10 | new=10 | errors=0 | 130.81s
2026-05-26 17:51:04 | INFO     | scraper | ==================================================
2026-05-26 17:51:04 | INFO     | scraper | BID TYPE: Product Custom Bid/RAs
2026-05-26 17:51:04 | INFO     | scraper | ==================================================
2026-05-26 17:51:15 | INFO     | scraper |   Page 1 | Collected 0/10
2026-05-26 17:51:15 | INFO     | scraper |   Cards found: 10
2026-05-26 17:51:22 | INFO     | scraper |   [1/10] GEM/2025/B/6812056 | Type: Product | RA: GEM/2026/R/671052 | NEW
2026-05-26 17:51:29 | INFO     | scraper |   [2/10] GEM/2026/B/7504365 | Type: Product | RA: N/A | NEW
2026-05-26 17:51:38 | INFO     | scraper |   [3/10] GEM/2026/B/7504206 | Type: Product | RA: N/A | NEW
2026-05-26 17:51:46 | INFO     | scraper |   [4/10] GEM/2026/B/7503109 | Type: Product | RA: N/A | NEW
2026-05-26 17:51:53 | INFO     | scraper |   [5/10] GEM/2026/B/7502651 | Type: Product | RA: N/A | NEW
2026-05-26 17:52:02 | INFO     | scraper |   [6/10] GEM/2026/B/7501521 | Type: Product | RA: N/A | NEW
2026-05-26 17:52:10 | INFO     | scraper |   [7/10] GEM/2026/B/7501435 | Type: Product | RA: N/A | NEW
2026-05-26 17:52:17 | INFO     | scraper |   Page 2 | Collected 7/10
2026-05-26 17:52:17 | INFO     | scraper |   Cards found: 10
2026-05-26 17:52:23 | INFO     | scraper |   [8/10] GEM/2026/B/7500250 | Type: Product | RA: N/A | NEW
2026-05-26 17:52:35 | INFO     | scraper |   [9/10] GEM/2026/B/7500220 | Type: Product | RA: N/A | NEW
2026-05-26 17:52:43 | INFO     | scraper |   [10/10] GEM/2026/B/7498190 | Type: Product | RA: N/A | NEW
2026-05-26 17:52:50 | INFO     | scraper |   DONE 'Product Custom Bid/RAs': scraped=10 | new=10 | errors=0 | 105.44s
2026-05-26 17:52:50 | INFO     | scraper | ==================================================
2026-05-26 17:52:50 | INFO     | scraper | BID TYPE: BOQ Bids
2026-05-26 17:52:50 | INFO     | scraper | ==================================================
2026-05-26 17:53:00 | INFO     | scraper |   Page 1 | Collected 0/10
2026-05-26 17:53:00 | INFO     | scraper |   Cards found: 10
2026-05-26 17:53:06 | INFO     | scraper |   [1/10] GEM/2026/B/7514898 | Type: BOQ | RA: N/A | NEW
2026-05-26 17:53:16 | INFO     | scraper |   [2/10] GEM/2026/B/7514716 | Type: BOQ | RA: N/A | NEW
2026-05-26 17:53:25 | INFO     | scraper |   [3/10] GEM/2026/B/7510269 | Type: BOQ | RA: N/A | NEW
2026-05-26 17:53:34 | INFO     | scraper |   [4/10] GEM/2026/B/7501045 | Type: BOQ | RA: N/A | NEW
2026-05-26 17:53:55 | INFO     | scraper |   [5/10] GEM/2026/B/7499633 | Type: BOQ | RA: N/A | NEW
2026-05-26 17:54:05 | INFO     | scraper |   [6/10] GEM/2026/B/7497122 | Type: BOQ | RA: N/A | NEW
2026-05-26 17:54:14 | INFO     | scraper |   [7/10] GEM/2026/B/7494843 | Type: BOQ | RA: N/A | NEW
2026-05-26 17:54:24 | INFO     | scraper |   [8/10] GEM/2026/B/7492610 | Type: BOQ | RA: N/A | NEW
2026-05-26 17:54:33 | INFO     | scraper |   [9/10] GEM/2026/B/7501124 | Type: BOQ | RA: N/A | NEW
2026-05-26 17:54:40 | INFO     | scraper |   Page 2 | Collected 9/10
2026-05-26 17:54:40 | INFO     | scraper |   Cards found: 10
2026-05-26 17:54:48 | INFO     | scraper |   [10/10] GEM/2026/B/7506622 | Type: BOQ | RA: N/A | NEW
2026-05-26 17:54:55 | INFO     | scraper |   DONE 'BOQ Bids': scraped=10 | new=10 | errors=0 | 125.03s
2026-05-26 17:54:55 | INFO     | scraper | ==================================================
2026-05-26 17:54:55 | INFO     | scraper | BID TYPE: Rate Contract Bids
2026-05-26 17:54:55 | INFO     | scraper | ==================================================
2026-05-26 17:55:03 | INFO     | scraper |   Page 1 | Collected 0/10
2026-05-26 17:55:03 | INFO     | scraper |   Cards found: 10
2026-05-26 17:55:11 | INFO     | scraper |   [1/10] GEM/2026/B/7514614 | Type: Rate Contract | RA: N/A | NEW
2026-05-26 17:55:21 | INFO     | scraper |   [2/10] GEM/2026/B/7479083 | Type: Rate Contract | RA: N/A | NEW
2026-05-26 17:55:29 | INFO     | scraper |   [3/10] GEM/2026/B/7509230 | Type: Rate Contract | RA: N/A | NEW
2026-05-26 17:55:45 | INFO     | scraper |   [4/10] GEM/2026/B/7509634 | Type: Rate Contract | RA: N/A | NEW
2026-05-26 17:55:56 | INFO     | scraper |   [5/10] GEM/2026/B/7488203 | Type: Rate Contract | RA: N/A | NEW
2026-05-26 17:56:15 | INFO     | scraper |   [6/10] GEM/2026/B/7514993 | Type: Rate Contract | RA: N/A | NEW
2026-05-26 17:56:25 | INFO     | scraper |   [7/10] GEM/2026/B/7526325 | Type: Rate Contract | RA: N/A | NEW
2026-05-26 17:56:43 | INFO     | scraper |   [8/10] GEM/2026/B/7525919 | Type: Rate Contract | RA: N/A | NEW
2026-05-26 17:56:59 | INFO     | scraper |   [9/10] GEM/2026/B/7532717 | Type: Rate Contract | RA: N/A | NEW
2026-05-26 17:57:14 | INFO     | scraper |   [10/10] GEM/2026/B/7544252 | Type: Rate Contract | RA: N/A | NEW
2026-05-26 17:57:21 | INFO     | scraper |   DONE 'Rate Contract Bids': scraped=10 | new=10 | errors=0 | 146.06s
2026-05-26 17:57:21 | INFO     | scraper | ==================================================
2026-05-26 17:57:21 | INFO     | scraper | BID TYPE: Global Tender
2026-05-26 17:57:21 | INFO     | scraper | ==================================================
2026-05-26 17:57:31 | INFO     | scraper |   Page 1 | Collected 0/10
2026-05-26 17:57:31 | INFO     | scraper |   Cards found: 9
2026-05-26 17:57:42 | INFO     | scraper |   [1/10] GEM/2026/B/7465807 | Type: Global Tender | RA: N/A | NEW
2026-05-26 17:57:50 | INFO     | scraper |   [2/10] GEM/2026/B/7473435 | Type: Global Tender | RA: N/A | NEW
2026-05-26 17:58:00 | INFO     | scraper |   [3/10] GEM/2026/B/7509648 | Type: Global Tender | RA: N/A | NEW
2026-05-26 17:58:08 | INFO     | scraper |   [4/10] GEM/2026/B/7429899 | Type: Global Tender | RA: N/A | NEW
2026-05-26 17:58:14 | INFO     | scraper |   [5/10] GEM/2026/B/7560028 | Type: Global Tender | RA: N/A | NEW
2026-05-26 17:58:25 | INFO     | scraper |   [6/10] GEM/2026/B/7475057 | Type: Global Tender | RA: N/A | NEW
2026-05-26 17:58:35 | INFO     | scraper |   [7/10] GEM/2026/B/7530104 | Type: Global Tender | RA: N/A | NEW
2026-05-26 17:58:48 | INFO     | scraper |   [8/10] GEM/2026/B/7499373 | Type: Global Tender | RA: N/A | NEW
2026-05-26 17:58:58 | INFO     | scraper |   [9/10] GEM/2026/B/7588495 | Type: Global Tender | RA: N/A | NEW
2026-05-26 17:59:05 | INFO     | scraper |   Page 2 | Collected 9/10
2026-05-26 17:59:05 | INFO     | scraper |   Cards found: 9
2026-05-26 17:59:05 | INFO     | scraper |   No new bids on page. Empty streak: 1/5
2026-05-26 17:59:11 | INFO     | scraper |   Page 3 | Collected 9/10
2026-05-26 17:59:11 | INFO     | scraper |   Cards found: 9
2026-05-26 17:59:12 | INFO     | scraper |   No new bids on page. Empty streak: 2/5
2026-05-26 17:59:17 | INFO     | scraper |   Page 4 | Collected 9/10
2026-05-26 17:59:17 | INFO     | scraper |   Cards found: 9
2026-05-26 17:59:18 | INFO     | scraper |   No new bids on page. Empty streak: 3/5
2026-05-26 17:59:23 | INFO     | scraper |   Page 5 | Collected 9/10
2026-05-26 17:59:23 | INFO     | scraper |   Cards found: 9
2026-05-26 17:59:23 | INFO     | scraper |   No new bids on page. Empty streak: 4/5
2026-05-26 17:59:28 | INFO     | scraper |   Page 6 | Collected 9/10
2026-05-26 17:59:28 | INFO     | scraper |   Cards found: 9
2026-05-26 17:59:28 | INFO     | scraper |   No new bids on page. Empty streak: 5/5
2026-05-26 17:59:28 | INFO     | scraper |   Stopping 'Global Tender' — 5 empty pages reached
2026-05-26 17:59:28 | INFO     | scraper |   DONE 'Global Tender': scraped=9 | new=9 | errors=0 | 126.95s
2026-05-26 17:59:28 | INFO     | scraper | ==================================================
2026-05-26 17:59:28 | INFO     | scraper | BID TYPE: Limited Tender
2026-05-26 17:59:28 | INFO     | scraper | ==================================================
2026-05-26 17:59:38 | INFO     | scraper |   Page 1 | Collected 0/10
2026-05-26 17:59:38 | INFO     | scraper |   Cards found: 10
2026-05-26 17:59:46 | INFO     | scraper |   [1/10] GEM/2026/B/7501559 | Type: Limited Tender | RA: N/A | NEW
2026-05-26 17:59:54 | INFO     | scraper |   [2/10] GEM/2026/B/7501526 | Type: Limited Tender | RA: N/A | NEW
2026-05-26 18:00:03 | INFO     | scraper |   [3/10] GEM/2026/B/7531528 | Type: Limited Tender | RA: N/A | NEW
2026-05-26 18:00:12 | INFO     | scraper |   [4/10] GEM/2026/B/7560267 | Type: Limited Tender | RA: N/A | NEW
2026-05-26 18:00:21 | INFO     | scraper |   [5/10] GEM/2026/B/7552342 | Type: Limited Tender | RA: N/A | NEW
2026-05-26 18:00:28 | INFO     | scraper |   [6/10] GEM/2026/B/7578341 | Type: Limited Tender | RA: N/A | NEW
2026-05-26 18:00:36 | INFO     | scraper |   [7/10] GEM/2026/B/7524635 | Type: Limited Tender | RA: N/A | NEW
2026-05-26 18:00:48 | INFO     | scraper |   [8/10] GEM/2026/B/7519521 | Type: Limited Tender | RA: N/A | NEW
2026-05-26 18:00:58 | INFO     | scraper |   [9/10] GEM/2026/B/7520307 | Type: Limited Tender | RA: N/A | NEW
2026-05-26 18:01:06 | INFO     | scraper |   Page 2 | Collected 9/10
2026-05-26 18:01:06 | INFO     | scraper |   Cards found: 10
2026-05-26 18:01:16 | INFO     | scraper |   [10/10] GEM/2026/B/7311446 | Type: Limited Tender | RA: N/A | NEW
2026-05-26 18:01:25 | INFO     | scraper |   DONE 'Limited Tender': scraped=10 | new=10 | errors=0 | 117.12s
2026-05-26 18:01:25 | INFO     | scraper | ==================================================
2026-05-26 18:01:25 | INFO     | scraper | BID TYPE: Single Tender
2026-05-26 18:01:25 | INFO     | scraper | ==================================================
2026-05-26 18:01:37 | INFO     | scraper |   Page 1 | Collected 0/10
2026-05-26 18:01:37 | INFO     | scraper |   Cards found: 10
2026-05-26 18:01:47 | INFO     | scraper |   [1/10] GEM/2026/B/7501467 | Type: Single Tender | RA: N/A | NEW
2026-05-26 18:02:09 | INFO     | scraper |   [2/10] GEM/2026/B/7546274 | Type: Single Tender | RA: N/A | NEW
2026-05-26 18:02:18 | INFO     | scraper |   [3/10] GEM/2026/B/7579099 | Type: Single Tender | RA: N/A | NEW
2026-05-26 18:02:27 | INFO     | scraper |   [4/10] GEM/2026/B/7512626 | Type: Single Tender | RA: N/A | NEW
2026-05-26 18:02:36 | INFO     | scraper |   [5/10] GEM/2026/B/7520859 | Type: Single Tender | RA: N/A | NEW
2026-05-26 18:02:43 | INFO     | scraper |   [6/10] GEM/2026/B/7518305 | Type: Single Tender | RA: N/A | NEW
2026-05-26 18:02:52 | INFO     | scraper |   [7/10] GEM/2026/B/7518093 | Type: Single Tender | RA: N/A | NEW
2026-05-26 18:03:02 | INFO     | scraper |   [8/10] GEM/2026/B/7501945 | Type: Single Tender | RA: N/A | NEW
2026-05-26 18:03:10 | INFO     | scraper |   [9/10] GEM/2026/B/7520545 | Type: Single Tender | RA: N/A | NEW
2026-05-26 18:03:20 | INFO     | scraper |   [10/10] GEM/2026/B/7517987 | Type: Single Tender | RA: N/A | NEW
2026-05-26 18:03:25 | INFO     | scraper |   DONE 'Single Tender': scraped=10 | new=10 | errors=0 | 119.91s
2026-05-26 18:03:25 | INFO     | scraper | 
2026-05-26 18:03:25 | INFO     | scraper | ============================================================
2026-05-26 18:03:25 | INFO     | scraper | RUN COMPLETE | Scraped: 89 | New: 89 | Errors: 0 | Total in DB: 89
2026-05-26 18:03:25 | INFO     | scraper | ============================================================
2026-05-27 15:14:19 | INFO     | scraper | 
2026-05-27 15:14:19 | INFO     | scraper | ============================================================
2026-05-27 15:14:19 | INFO     | scraper | FULL SCRAPE RUN STARTED
2026-05-27 15:14:19 | INFO     | scraper | ============================================================
2026-05-27 15:14:47 | INFO     | scraper | ==================================================
2026-05-27 15:14:47 | INFO     | scraper | BID TYPE: Product Bid/RAs
2026-05-27 15:14:47 | INFO     | scraper | ==================================================
2026-05-27 15:14:58 | INFO     | scraper |   Page 1 | Collected 0/10
2026-05-27 15:14:58 | INFO     | scraper |   Cards found: 10
2026-05-27 15:15:01 | INFO     | scraper |   [1/10] GEM/2025/B/6859671 | Type: Product | RA: GEM/2026/R/671099 | seen
2026-05-27 15:18:13 | INFO     | scraper |   [2/10] GEM/2026/B/7418765 | Type: Product | RA: GEM/2026/R/672414 | NEW
2026-05-27 15:18:51 | INFO     | scraper |   [3/10] GEM/2026/B/7352909 | Type: Product | RA: GEM/2026/R/672555 | NEW
2026-05-27 15:19:03 | INFO     | scraper |   [4/10] GEM/2026/B/7158674 | Type: Product | RA: GEM/2026/R/671540 | NEW
2026-05-27 15:19:12 | INFO     | scraper |   [5/10] GEM/2026/B/7523776 | Type: Product | RA: GEM/2026/R/672240 | NEW
2026-05-27 15:19:25 | INFO     | scraper |   [6/10] GEM/2025/B/6812056 | Type: Product | RA: GEM/2026/R/671052 | seen
2026-05-27 15:20:04 | INFO     | scraper |   [7/10] GEM/2026/B/7417029 | Type: Product | RA: GEM/2026/R/671855 | seen
2026-05-27 15:20:24 | INFO     | scraper |   [8/10] GEM/2026/B/7221931 | Type: Product | RA: GEM/2026/R/672331 | NEW
2026-05-27 15:21:30 | INFO     | scraper |   [9/10] GEM/2026/B/7239280 | Type: Product | RA: GEM/2026/R/672513 | NEW
2026-05-27 15:23:01 | INFO     | scraper |   [10/10] GEM/2026/B/7534996 | Type: Product | RA: GEM/2026/R/672563 | NEW
2026-05-27 15:23:10 | INFO     | scraper |   DONE 'Product Bid/RAs': scraped=10 | new=7 | errors=0 | 502.62s
2026-05-27 15:23:10 | INFO     | scraper | ==================================================
2026-05-27 15:23:10 | INFO     | scraper | BID TYPE: Service Bid/RAs
2026-05-27 15:23:10 | INFO     | scraper | ==================================================
2026-05-27 15:23:21 | INFO     | scraper |   Page 1 | Collected 0/10
2026-05-27 15:23:21 | INFO     | scraper |   Cards found: 10
2026-05-27 15:23:30 | INFO     | scraper |   [1/10] GEM/2026/B/7253172 | Type: Service | RA: GEM/2026/R/672493 | NEW
2026-05-27 15:23:38 | INFO     | scraper |   [2/10] GEM/2026/B/7441848 | Type: Service | RA: GEM/2026/R/672459 | NEW
2026-05-27 15:23:48 | INFO     | scraper |   [3/10] GEM/2026/B/7412749 | Type: Service | RA: GEM/2026/R/672448 | NEW
2026-05-27 15:23:57 | INFO     | scraper |   [4/10] GEM/2026/B/7233748 | Type: Service | RA: GEM/2026/R/672524 | NEW
2026-05-27 15:24:05 | INFO     | scraper |   [5/10] GEM/2026/B/7414651 | Type: Service | RA: GEM/2026/R/672446 | NEW
2026-05-27 15:24:13 | INFO     | scraper |   [6/10] GEM/2026/B/7327051 | Type: Service | RA: GEM/2026/R/672522 | NEW
2026-05-27 15:24:22 | INFO     | scraper |   [7/10] GEM/2026/B/7500709 | Type: Service | RA: GEM/2026/R/672501 | NEW
2026-05-27 15:24:28 | INFO     | scraper |   [8/10] GEM/2026/B/7086556 | Type: Service | RA: GEM/2026/R/670633 | seen
2026-05-27 15:24:39 | INFO     | scraper |   [9/10] GEM/2026/B/7334075 | Type: Service | RA: GEM/2026/R/672301 | NEW
2026-05-27 15:24:50 | INFO     | scraper |   [10/10] GEM/2026/B/7456448 | Type: Service | RA: GEM/2026/R/672587 | NEW
2026-05-27 15:24:56 | INFO     | scraper |   DONE 'Service Bid/RAs': scraped=10 | new=9 | errors=0 | 105.51s
2026-05-27 15:24:56 | INFO     | scraper | ==================================================
2026-05-27 15:24:56 | INFO     | scraper | BID TYPE: Bid To RAs
2026-05-27 15:24:56 | INFO     | scraper | ==================================================
2026-05-27 15:25:07 | INFO     | scraper |   Page 1 | Collected 0/10
2026-05-27 15:25:07 | INFO     | scraper |   Cards found: 10
2026-05-27 15:25:13 | INFO     | scraper |   [1/10] GEM/2026/B/7446040 | Type: Bid To RA | RA: GEM/2026/R/672546 | NEW
2026-05-27 15:25:22 | INFO     | scraper |   [2/10] GEM/2026/B/7449720 | Type: Bid To RA | RA: GEM/2026/R/672502 | NEW
2026-05-27 15:25:33 | INFO     | scraper |   [3/10] GEM/2025/B/6839900 | Type: Bid To RA | RA: GEM/2026/R/671857 | NEW
2026-05-27 15:25:42 | INFO     | scraper |   [4/10] GEM/2026/B/7489249 | Type: Bid To RA | RA: GEM/2026/R/672247 | NEW
2026-05-27 15:25:53 | INFO     | scraper |   [5/10] GEM/2026/B/7479875 | Type: Bid To RA | RA: GEM/2026/R/671262 | NEW
2026-05-27 15:25:59 | INFO     | scraper |   Page 2 | Collected 5/10
2026-05-27 15:25:59 | INFO     | scraper |   Cards found: 10
2026-05-27 15:26:07 | INFO     | scraper |   [6/10] GEM/2026/B/7408096 | Type: Bid To RA | RA: GEM/2026/R/672543 | NEW
2026-05-27 15:26:17 | INFO     | scraper |   [7/10] GEM/2026/B/7221092 | Type: Bid To RA | RA: GEM/2026/R/672196 | NEW
2026-05-27 15:26:24 | INFO     | scraper |   [8/10] GEM/2026/B/7173460 | Type: Bid To RA | RA: GEM/2026/R/672296 | NEW
2026-05-27 15:26:33 | INFO     | scraper |   [9/10] GEM/2025/B/7040937 | Type: Bid To RA | RA: GEM/2026/R/672521 | NEW
2026-05-27 15:26:44 | INFO     | scraper |   [10/10] GEM/2026/B/7138563 | Type: Bid To RA | RA: GEM/2026/R/672478 | NEW
2026-05-27 15:26:51 | INFO     | scraper |   DONE 'Bid To RAs': scraped=10 | new=10 | errors=0 | 115.12s
2026-05-27 15:26:51 | INFO     | scraper | ==================================================
2026-05-27 15:26:51 | INFO     | scraper | BID TYPE: Product Custom Bid/RAs
2026-05-27 15:26:51 | INFO     | scraper | ==================================================
2026-05-27 15:27:01 | INFO     | scraper |   Page 1 | Collected 0/10
2026-05-27 15:27:01 | INFO     | scraper |   Cards found: 10
2026-05-27 15:27:10 | INFO     | scraper |   [1/10] GEM/2026/B/7252469 | Type: Product | RA: GEM/2026/R/672489 | NEW
2026-05-27 15:27:19 | INFO     | scraper |   [2/10] GEM/2026/B/7452818 | Type: Product | RA: GEM/2026/R/672429 | NEW
2026-05-27 15:27:28 | INFO     | scraper |   [3/10] GEM/2026/B/7280162 | Type: Product | RA: GEM/2026/R/672553 | NEW
2026-05-27 15:27:41 | INFO     | scraper |   [4/10] GEM/2026/B/7427788 | Type: Product | RA: GEM/2026/R/672475 | NEW
2026-05-27 15:27:49 | INFO     | scraper |   Page 2 | Collected 4/10
2026-05-27 15:27:49 | INFO     | scraper |   Cards found: 10
2026-05-27 15:27:57 | INFO     | scraper |   [5/10] GEM/2026/B/7388978 | Type: Product | RA: GEM/2026/R/672169 | NEW
2026-05-27 15:28:09 | INFO     | scraper |   [6/10] GEM/2026/B/7157755 | Type: Product | RA: GEM/2026/R/672579 | NEW
2026-05-27 15:28:16 | INFO     | scraper |   [7/10] GEM/2026/B/7445381 | Type: Product | RA: GEM/2026/R/672447 | NEW
2026-05-27 15:28:24 | INFO     | scraper |   [8/10] GEM/2026/B/7396682 | Type: Product | RA: GEM/2026/R/672539 | NEW
2026-05-27 15:28:35 | INFO     | scraper |   [9/10] GEM/2026/B/7505505 | Type: Product | RA: GEM/2026/R/672515 | NEW
2026-05-27 15:28:43 | INFO     | scraper |   [10/10] GEM/2026/B/7400122 | Type: Product | RA: GEM/2026/R/672488 | NEW
2026-05-27 15:28:49 | INFO     | scraper |   DONE 'Product Custom Bid/RAs': scraped=10 | new=10 | errors=0 | 118.16s
2026-05-27 15:28:49 | INFO     | scraper | ==================================================
2026-05-27 15:28:49 | INFO     | scraper | BID TYPE: BOQ Bids
2026-05-27 15:28:49 | INFO     | scraper | ==================================================
2026-05-27 15:29:00 | INFO     | scraper |   Page 1 | Collected 0/10
2026-05-27 15:29:00 | INFO     | scraper |   Cards found: 10
2026-05-27 15:29:11 | INFO     | scraper |   [1/10] GEM/2025/B/6891065 | Type: BOQ | RA: GEM/2026/R/672277 | NEW
2026-05-27 15:29:20 | INFO     | scraper |   [2/10] GEM/2026/B/7511795 | Type: BOQ | RA: GEM/2026/R/672526 | NEW
2026-05-27 15:29:29 | INFO     | scraper |   [3/10] GEM/2026/B/7473903 | Type: BOQ | RA: GEM/2026/R/672187 | NEW
2026-05-27 15:29:55 | INFO     | scraper |   [4/10] GEM/2026/B/7360084 | Type: BOQ | RA: GEM/2026/R/671703 | NEW
2026-05-27 15:30:06 | INFO     | scraper |   [5/10] GEM/2026/B/7501894 | Type: BOQ | RA: N/A | NEW
2026-05-27 15:30:17 | INFO     | scraper |   [6/10] GEM/2026/B/7509486 | Type: BOQ | RA: N/A | NEW
2026-05-27 15:30:27 | INFO     | scraper |   [7/10] GEM/2026/B/7509404 | Type: BOQ | RA: N/A | NEW
2026-05-27 15:30:41 | INFO     | scraper |   [8/10] GEM/2026/B/7509354 | Type: BOQ | RA: N/A | NEW
2026-05-27 15:30:53 | INFO     | scraper |   [9/10] GEM/2026/B/7509269 | Type: BOQ | RA: N/A | NEW
2026-05-27 15:30:59 | INFO     | scraper |   Page 2 | Collected 9/10
2026-05-27 15:30:59 | INFO     | scraper |   Cards found: 10
2026-05-27 15:31:10 | INFO     | scraper |   [10/10] GEM/2026/B/7526630 | Type: BOQ | RA: N/A | NEW
2026-05-27 15:31:16 | INFO     | scraper |   DONE 'BOQ Bids': scraped=10 | new=10 | errors=0 | 147.11s
2026-05-27 15:31:16 | INFO     | scraper | ==================================================
2026-05-27 15:31:16 | INFO     | scraper | BID TYPE: Rate Contract Bids
2026-05-27 15:31:16 | INFO     | scraper | ==================================================
2026-05-27 15:31:28 | INFO     | scraper |   Page 1 | Collected 0/10
2026-05-27 15:31:28 | INFO     | scraper |   Cards found: 10
2026-05-27 15:31:34 | INFO     | scraper |   [1/10] GEM/2026/B/7509230 | Type: Rate Contract | RA: N/A | seen
2026-05-27 15:31:43 | INFO     | scraper |   [2/10] GEM/2026/B/7509634 | Type: Rate Contract | RA: N/A | seen
2026-05-27 15:31:49 | INFO     | scraper |   [3/10] GEM/2026/B/7488203 | Type: Rate Contract | RA: N/A | seen
2026-05-27 15:31:58 | INFO     | scraper |   [4/10] GEM/2026/B/7514993 | Type: Rate Contract | RA: N/A | seen
2026-05-27 15:32:04 | INFO     | scraper |   [5/10] GEM/2026/B/7526325 | Type: Rate Contract | RA: N/A | seen
2026-05-27 15:32:12 | INFO     | scraper |   [6/10] GEM/2026/B/7525919 | Type: Rate Contract | RA: N/A | seen
2026-05-27 15:32:21 | INFO     | scraper |   [7/10] GEM/2026/B/7532717 | Type: Rate Contract | RA: N/A | seen
2026-05-27 15:32:26 | INFO     | scraper |   [8/10] GEM/2026/B/7544252 | Type: Rate Contract | RA: N/A | seen
2026-05-27 15:32:36 | INFO     | scraper |   [9/10] GEM/2026/B/7465759 | Type: Rate Contract | RA: N/A | NEW
2026-05-27 15:32:46 | INFO     | scraper |   [10/10] GEM/2026/B/7496302 | Type: Rate Contract | RA: N/A | NEW
2026-05-27 15:32:51 | INFO     | scraper |   DONE 'Rate Contract Bids': scraped=10 | new=2 | errors=0 | 95.14s
2026-05-27 15:32:51 | INFO     | scraper | ==================================================
2026-05-27 15:32:51 | INFO     | scraper | BID TYPE: Global Tender
2026-05-27 15:32:51 | INFO     | scraper | ==================================================
2026-05-27 15:33:01 | INFO     | scraper |   Page 1 | Collected 0/10
2026-05-27 15:33:01 | INFO     | scraper |   Cards found: 9
2026-05-27 15:33:06 | INFO     | scraper |   [1/10] GEM/2026/B/7465807 | Type: Global Tender | RA: N/A | seen
2026-05-27 15:33:11 | INFO     | scraper |   [2/10] GEM/2026/B/7473435 | Type: Global Tender | RA: N/A | seen
2026-05-27 15:33:19 | INFO     | scraper |   [3/10] GEM/2026/B/7509648 | Type: Global Tender | RA: N/A | seen
2026-05-27 15:33:26 | INFO     | scraper |   [4/10] GEM/2026/B/7429899 | Type: Global Tender | RA: N/A | seen
2026-05-27 15:33:32 | INFO     | scraper |   [5/10] GEM/2026/B/7560028 | Type: Global Tender | RA: N/A | seen
2026-05-27 15:33:38 | INFO     | scraper |   [6/10] GEM/2026/B/7475057 | Type: Global Tender | RA: N/A | seen
2026-05-27 15:33:44 | INFO     | scraper |   [7/10] GEM/2026/B/7530104 | Type: Global Tender | RA: N/A | seen
2026-05-27 15:33:51 | INFO     | scraper |   [8/10] GEM/2026/B/7499373 | Type: Global Tender | RA: N/A | seen
2026-05-27 15:33:57 | INFO     | scraper |   [9/10] GEM/2026/B/7588495 | Type: Global Tender | RA: N/A | seen
2026-05-27 15:34:05 | INFO     | scraper |   Page 2 | Collected 9/10
2026-05-27 15:34:05 | INFO     | scraper |   Cards found: 9
2026-05-27 15:34:06 | INFO     | scraper |   No new bids on page. Empty streak: 1/5
2026-05-27 15:34:11 | INFO     | scraper |   Page 3 | Collected 9/10
2026-05-27 15:34:11 | INFO     | scraper |   Cards found: 9
2026-05-27 15:34:11 | INFO     | scraper |   No new bids on page. Empty streak: 2/5
2026-05-27 15:34:17 | INFO     | scraper |   Page 4 | Collected 9/10
2026-05-27 15:34:17 | INFO     | scraper |   Cards found: 9
2026-05-27 15:34:17 | INFO     | scraper |   No new bids on page. Empty streak: 3/5
2026-05-27 15:34:22 | INFO     | scraper |   Page 5 | Collected 9/10
2026-05-27 15:34:22 | INFO     | scraper |   Cards found: 9
2026-05-27 15:34:22 | INFO     | scraper |   No new bids on page. Empty streak: 4/5
2026-05-27 15:34:26 | INFO     | scraper |   Page 6 | Collected 9/10
2026-05-27 15:34:26 | INFO     | scraper |   Cards found: 9
2026-05-27 15:34:27 | INFO     | scraper |   No new bids on page. Empty streak: 5/5
2026-05-27 15:34:27 | INFO     | scraper |   Stopping 'Global Tender' — 5 empty pages reached
2026-05-27 15:34:27 | INFO     | scraper |   DONE 'Global Tender': scraped=9 | new=0 | errors=0 | 95.24s
2026-05-27 15:34:27 | INFO     | scraper | ==================================================
2026-05-27 15:34:27 | INFO     | scraper | BID TYPE: Limited Tender
2026-05-27 15:34:27 | INFO     | scraper | ==================================================
2026-05-27 15:34:36 | INFO     | scraper |   Page 1 | Collected 0/10
2026-05-27 15:34:36 | INFO     | scraper |   Cards found: 10
2026-05-27 15:34:43 | INFO     | scraper |   [1/10] GEM/2026/B/7480568 | Type: Limited Tender | RA: N/A | NEW
2026-05-27 15:34:55 | INFO     | scraper |   [2/10] GEM/2026/B/7545615 | Type: Limited Tender | RA: N/A | NEW
2026-05-27 15:35:06 | INFO     | scraper |   [3/10] GEM/2026/B/7535480 | Type: Limited Tender | RA: N/A | NEW
2026-05-27 15:35:19 | INFO     | scraper |   [4/10] GEM/2026/B/7484529 | Type: Limited Tender | RA: N/A | NEW
2026-05-27 15:35:31 | INFO     | scraper |   [5/10] GEM/2026/B/7466047 | Type: Limited Tender | RA: N/A | NEW
2026-05-27 15:35:40 | INFO     | scraper |   [6/10] GEM/2026/B/7520337 | Type: Limited Tender | RA: N/A | NEW
2026-05-27 15:35:51 | INFO     | scraper |   [7/10] GEM/2026/B/7565146 | Type: Limited Tender | RA: N/A | NEW
2026-05-27 15:36:07 | INFO     | scraper |   [8/10] GEM/2026/B/7479274 | Type: Limited Tender | RA: N/A | NEW
2026-05-27 15:36:19 | INFO     | scraper |   [9/10] GEM/2026/B/7522041 | Type: Limited Tender | RA: N/A | NEW
2026-05-27 15:36:28 | INFO     | scraper |   Page 2 | Collected 9/10
2026-05-27 15:36:28 | INFO     | scraper |   Cards found: 10
2026-05-27 15:36:36 | INFO     | scraper |   [10/10] GEM/2026/B/7522173 | Type: Limited Tender | RA: N/A | NEW
2026-05-27 15:36:43 | INFO     | scraper |   DONE 'Limited Tender': scraped=10 | new=10 | errors=0 | 136.1s
2026-05-27 15:36:43 | INFO     | scraper | ==================================================
2026-05-27 15:36:43 | INFO     | scraper | BID TYPE: Single Tender
2026-05-27 15:36:43 | INFO     | scraper | ==================================================
2026-05-27 15:36:53 | INFO     | scraper |   Page 1 | Collected 0/10
2026-05-27 15:36:53 | INFO     | scraper |   Cards found: 10
2026-05-27 15:37:02 | INFO     | scraper |   [1/10] GEM/2026/B/7509445 | Type: Single Tender | RA: N/A | NEW
2026-05-27 15:37:35 | INFO     | scraper |   [2/10] GEM/2026/B/7456044 | Type: Single Tender | RA: N/A | NEW
2026-05-27 15:37:50 | INFO     | scraper |   [3/10] GEM/2026/B/7531412 | Type: Single Tender | RA: N/A | NEW
2026-05-27 15:38:05 | INFO     | scraper |   [4/10] GEM/2026/B/7470435 | Type: Single Tender | RA: N/A | NEW
2026-05-27 15:38:26 | INFO     | scraper |   [5/10] GEM/2026/B/7509507 | Type: Single Tender | RA: N/A | NEW
2026-05-27 15:38:40 | INFO     | scraper |   [6/10] GEM/2026/B/7508743 | Type: Single Tender | RA: N/A | NEW
2026-05-27 15:39:16 | INFO     | scraper |   [7/10] GEM/2026/B/7521289 | Type: Single Tender | RA: N/A | NEW
2026-05-27 15:39:29 | INFO     | scraper |   [8/10] GEM/2026/B/7475874 | Type: Single Tender | RA: N/A | NEW
2026-05-27 15:39:41 | INFO     | scraper |   [9/10] GEM/2026/B/7517979 | Type: Single Tender | RA: N/A | NEW
2026-05-27 15:39:54 | INFO     | scraper |   [10/10] GEM/2026/B/7540641 | Type: Single Tender | RA: N/A | NEW
2026-05-27 15:40:02 | INFO     | scraper |   DONE 'Single Tender': scraped=10 | new=10 | errors=0 | 199.8s
2026-05-27 15:40:03 | INFO     | scraper | 
2026-05-27 15:40:03 | INFO     | scraper | ============================================================
2026-05-27 15:40:03 | INFO     | scraper | RUN COMPLETE | Scraped: 89 | New: 68 | Errors: 0 | Total in DB: 157
2026-05-27 15:40:03 | INFO     | scraper | ============================================================
2026-05-27 17:28:49 | INFO     | scraper | 
2026-05-27 17:28:49 | INFO     | scraper | ============================================================
2026-05-27 17:28:49 | INFO     | scraper | FULL SCRAPE RUN STARTED
2026-05-27 17:28:49 | INFO     | scraper | ============================================================
2026-05-27 17:29:07 | INFO     | scraper | ==================================================
2026-05-27 17:29:07 | INFO     | scraper | BID TYPE: Product Bid/RAs
2026-05-27 17:29:07 | INFO     | scraper | ==================================================
2026-05-27 17:29:18 | INFO     | scraper |   Page 1 | Collected 0/10
2026-05-27 17:29:18 | INFO     | scraper |   Cards found: 10
2026-05-27 17:31:09 | INFO     | scraper |   [1/10] GEM/2026/B/7410481 | Type: Product | RA: GEM/2026/R/672720 | NEW
2026-05-27 17:31:14 | INFO     | scraper |   [2/10] GEM/2026/B/7173460 | Type: Product | RA: GEM/2026/R/672296 | NEW
2026-05-27 17:31:20 | INFO     | scraper |   [3/10] GEM/2026/B/7223285 | Type: Product | RA: GEM/2026/R/672673 | NEW
2026-05-27 17:31:26 | INFO     | scraper |   [4/10] GEM/2025/B/7021779 | Type: Product | RA: GEM/2026/R/671656 | NEW
2026-05-27 17:31:34 | INFO     | scraper |   [5/10] GEM/2026/B/7445381 | Type: Product | RA: GEM/2026/R/672447 | NEW
2026-05-27 17:31:40 | INFO     | scraper |   [6/10] GEM/2025/B/6839900 | Type: Product | RA: GEM/2026/R/671857 | NEW
2026-05-27 17:31:48 | INFO     | scraper |   [7/10] GEM/2026/B/7252469 | Type: Product | RA: GEM/2026/R/672489 | NEW
2026-05-27 17:31:54 | INFO     | scraper |   [8/10] GEM/2026/B/7189456 | Type: Product | RA: GEM/2026/R/672665 | NEW
2026-05-27 17:32:03 | INFO     | scraper |   [9/10] GEM/2026/B/7417029 | Type: Product | RA: GEM/2026/R/671855 | NEW
2026-05-27 17:32:10 | INFO     | scraper |   [10/10] GEM/2026/B/7408096 | Type: Product | RA: GEM/2026/R/672543 | NEW
2026-05-27 17:32:18 | INFO     | scraper |   DONE 'Product Bid/RAs': scraped=10 | new=10 | errors=0 | 190.7s
2026-05-27 17:32:18 | INFO     | scraper | ==================================================
2026-05-27 17:32:18 | INFO     | scraper | BID TYPE: Service Bid/RAs
2026-05-27 17:32:18 | INFO     | scraper | ==================================================
2026-05-27 17:32:25 | INFO     | scraper |   Page 1 | Collected 0/10
2026-05-27 17:32:25 | INFO     | scraper |   Cards found: 10
2026-05-27 17:32:31 | INFO     | scraper |   [1/10] GEM/2026/B/7441848 | Type: Service | RA: GEM/2026/R/672459 | NEW
2026-05-27 17:32:37 | INFO     | scraper |   [2/10] GEM/2026/B/7412749 | Type: Service | RA: GEM/2026/R/672448 | NEW
2026-05-27 17:32:45 | INFO     | scraper |   [3/10] GEM/2026/B/7253172 | Type: Service | RA: GEM/2026/R/672493 | NEW
2026-05-27 17:32:51 | INFO     | scraper |   [4/10] GEM/2026/B/7086556 | Type: Service | RA: GEM/2026/R/670633 | NEW
2026-05-27 17:32:57 | INFO     | scraper |   [5/10] GEM/2026/B/7194932 | Type: Service | RA: GEM/2026/R/672666 | NEW
2026-05-27 17:33:04 | INFO     | scraper |   [6/10] GEM/2026/B/7334075 | Type: Service | RA: GEM/2026/R/672301 | NEW
2026-05-27 17:33:14 | INFO     | scraper |   [7/10] GEM/2026/B/7414651 | Type: Service | RA: GEM/2026/R/672446 | NEW
2026-05-27 17:33:22 | INFO     | scraper |   [8/10] GEM/2026/B/7233748 | Type: Service | RA: GEM/2026/R/672524 | NEW
2026-05-27 17:33:29 | INFO     | scraper |   [9/10] GEM/2026/B/7327051 | Type: Service | RA: GEM/2026/R/672522 | NEW
2026-05-27 17:33:37 | INFO     | scraper |   [10/10] GEM/2026/B/7456448 | Type: Service | RA: GEM/2026/R/672587 | NEW
2026-05-27 17:33:47 | INFO     | scraper |   DONE 'Service Bid/RAs': scraped=10 | new=10 | errors=0 | 88.77s
2026-05-27 17:33:47 | INFO     | scraper | ==================================================
2026-05-27 17:33:47 | INFO     | scraper | BID TYPE: Bid To RAs
2026-05-27 17:33:47 | INFO     | scraper | ==================================================
2026-05-27 17:33:55 | INFO     | scraper |   Page 1 | Collected 0/10
2026-05-27 17:33:55 | INFO     | scraper |   Cards found: 10
2026-05-27 17:34:03 | INFO     | scraper |   [1/10] GEM/2026/B/7479475 | Type: Bid To RA | RA: GEM/2026/R/671768 | NEW
2026-05-27 17:34:10 | INFO     | scraper |   Page 2 | Collected 1/10
2026-05-27 17:34:10 | INFO     | scraper |   Cards found: 10
2026-05-27 17:34:16 | INFO     | scraper |   [2/10] GEM/2026/B/7477270 | Type: Bid To RA | RA: GEM/2026/R/672688 | NEW
2026-05-27 17:34:25 | INFO     | scraper |   [3/10] GEM/2026/B/7367517 | Type: Bid To RA | RA: GEM/2026/R/672646 | NEW
2026-05-27 17:34:34 | INFO     | scraper |   [4/10] GEM/2026/B/7444155 | Type: Bid To RA | RA: GEM/2026/R/672669 | NEW
2026-05-27 17:34:42 | INFO     | scraper |   [5/10] GEM/2026/B/7415642 | Type: Bid To RA | RA: GEM/2026/R/672725 | NEW
2026-05-27 17:34:48 | INFO     | scraper |   [6/10] GEM/2025/B/6445678 | Type: Bid To RA | RA: GEM/2026/R/672697 | NEW
2026-05-27 17:34:57 | INFO     | scraper |   [7/10] GEM/2025/B/7040937 | Type: Bid To RA | RA: GEM/2026/R/672521 | NEW
2026-05-27 17:35:06 | INFO     | scraper |   [8/10] GEM/2025/B/7008974 | Type: Bid To RA | RA: GEM/2026/R/672703 | NEW
2026-05-27 17:35:13 | INFO     | scraper |   Page 3 | Collected 8/10
2026-05-27 17:35:13 | INFO     | scraper |   Cards found: 10
2026-05-27 17:35:20 | INFO     | scraper |   [9/10] GEM/2026/B/7505505 | Type: Bid To RA | RA: GEM/2026/R/672515 | NEW
2026-05-27 17:35:30 | INFO     | scraper |   [10/10] GEM/2026/B/7416412 | Type: Bid To RA | RA: GEM/2026/R/672549 | NEW
2026-05-27 17:35:36 | INFO     | scraper |   DONE 'Bid To RAs': scraped=10 | new=10 | errors=0 | 109.52s
2026-05-27 17:35:36 | INFO     | scraper | ==================================================
2026-05-27 17:35:36 | INFO     | scraper | BID TYPE: Product Custom Bid/RAs
2026-05-27 17:35:36 | INFO     | scraper | ==================================================
2026-05-27 17:35:48 | INFO     | scraper |   Page 1 | Collected 0/10
2026-05-27 17:35:48 | INFO     | scraper |   Cards found: 10
2026-05-27 17:35:57 | INFO     | scraper |   [1/10] GEM/2026/B/7157755 | Type: Product | RA: GEM/2026/R/672579 | NEW
2026-05-27 17:36:10 | INFO     | scraper |   [2/10] GEM/2026/B/7136603 | Type: Product | RA: GEM/2026/R/672456 | NEW
2026-05-27 17:36:19 | INFO     | scraper |   [3/10] GEM/2025/B/7042279 | Type: Product | RA: GEM/2026/R/672710 | NEW
2026-05-27 17:36:28 | INFO     | scraper |   Page 2 | Collected 3/10
2026-05-27 17:36:28 | INFO     | scraper |   Cards found: 10
2026-05-27 17:36:36 | INFO     | scraper |   [4/10] GEM/2026/B/7462644 | Type: Product | RA: N/A | NEW
2026-05-27 17:36:45 | INFO     | scraper |   [5/10] GEM/2026/B/7459696 | Type: Product | RA: N/A | NEW
2026-05-27 17:36:54 | INFO     | scraper |   [6/10] GEM/2026/B/7457230 | Type: Product | RA: N/A | NEW
2026-05-27 17:37:04 | INFO     | scraper |   [7/10] GEM/2026/B/7435485 | Type: Product | RA: N/A | NEW
2026-05-27 17:37:13 | INFO     | scraper |   [8/10] GEM/2026/B/7430129 | Type: Product | RA: N/A | NEW
2026-05-27 17:37:21 | INFO     | scraper |   [9/10] GEM/2026/B/7347434 | Type: Product | RA: N/A | NEW
2026-05-27 17:37:27 | INFO     | scraper |   Page 3 | Collected 9/10
2026-05-27 17:37:27 | INFO     | scraper |   Cards found: 10
2026-05-27 17:37:34 | INFO     | scraper |   [10/10] GEM/2026/B/7507444 | Type: Product | RA: N/A | NEW
2026-05-27 17:37:39 | INFO     | scraper |   DONE 'Product Custom Bid/RAs': scraped=10 | new=10 | errors=0 | 122.72s
2026-05-27 17:37:39 | INFO     | scraper | ==================================================
2026-05-27 17:37:39 | INFO     | scraper | BID TYPE: BOQ Bids
2026-05-27 17:37:39 | INFO     | scraper | ==================================================
2026-05-27 17:37:47 | INFO     | scraper |   Page 1 | Collected 0/10
2026-05-27 17:37:47 | INFO     | scraper |   Cards found: 10
2026-05-27 17:38:11 | INFO     | scraper |   [1/10] GEM/2026/B/7389632 | Type: BOQ | RA: GEM/2026/R/672715 | NEW
2026-05-27 17:38:27 | INFO     | scraper |   [2/10] GEM/2026/B/7327972 | Type: BOQ | RA: GEM/2026/R/672595 | NEW
2026-05-27 17:38:35 | INFO     | scraper |   [3/10] GEM/2026/B/7503947 | Type: BOQ | RA: N/A | NEW
2026-05-27 17:38:47 | INFO     | scraper |   [4/10] GEM/2026/B/7500200 | Type: BOQ | RA: N/A | NEW
2026-05-27 17:38:57 | INFO     | scraper |   [5/10] GEM/2026/B/7432617 | Type: BOQ | RA: N/A | NEW
2026-05-27 17:39:05 | INFO     | scraper |   [6/10] GEM/2026/B/7344536 | Type: BOQ | RA: N/A | NEW
2026-05-27 17:39:41 | INFO     | scraper |   [7/10] GEM/2026/B/7496031 | Type: BOQ | RA: N/A | NEW
2026-05-27 17:39:55 | INFO     | scraper |   [8/10] GEM/2026/B/7542088 | Type: BOQ | RA: N/A | NEW
2026-05-27 17:40:03 | INFO     | scraper |   [9/10] GEM/2026/B/7531864 | Type: BOQ | RA: N/A | NEW
2026-05-27 17:40:11 | INFO     | scraper |   Page 2 | Collected 9/10
2026-05-27 17:40:11 | INFO     | scraper |   Cards found: 10
2026-05-27 17:40:19 | INFO     | scraper |   [10/10] GEM/2026/B/7507841 | Type: BOQ | RA: N/A | NEW
2026-05-27 17:40:24 | INFO     | scraper |   DONE 'BOQ Bids': scraped=10 | new=10 | errors=0 | 164.78s
2026-05-27 17:40:24 | INFO     | scraper | ==================================================
2026-05-27 17:40:24 | INFO     | scraper | BID TYPE: Rate Contract Bids
2026-05-27 17:40:24 | INFO     | scraper | ==================================================
2026-05-27 17:40:34 | INFO     | scraper |   Page 1 | Collected 0/10
2026-05-27 17:40:34 | INFO     | scraper |   Cards found: 10
2026-05-27 17:40:41 | INFO     | scraper |   [1/10] GEM/2026/B/7488203 | Type: Rate Contract | RA: N/A | NEW
2026-05-27 17:40:56 | INFO     | scraper |   [2/10] GEM/2026/B/7514993 | Type: Rate Contract | RA: N/A | NEW
2026-05-27 17:41:05 | INFO     | scraper |   [3/10] GEM/2026/B/7526325 | Type: Rate Contract | RA: N/A | NEW
2026-05-27 17:41:17 | INFO     | scraper |   [4/10] GEM/2026/B/7525919 | Type: Rate Contract | RA: N/A | NEW
2026-05-27 17:41:28 | INFO     | scraper |   [5/10] GEM/2026/B/7532717 | Type: Rate Contract | RA: N/A | NEW
2026-05-27 17:41:40 | INFO     | scraper |   [6/10] GEM/2026/B/7544252 | Type: Rate Contract | RA: N/A | NEW
2026-05-27 17:41:50 | INFO     | scraper |   [7/10] GEM/2026/B/7465759 | Type: Rate Contract | RA: N/A | NEW
2026-05-27 17:41:57 | INFO     | scraper |   [8/10] GEM/2026/B/7496302 | Type: Rate Contract | RA: N/A | NEW
2026-05-27 17:42:08 | INFO     | scraper |   [9/10] GEM/2026/B/7478455 | Type: Rate Contract | RA: N/A | NEW
2026-05-27 17:42:18 | INFO     | scraper |   [10/10] GEM/2026/B/7479402 | Type: Rate Contract | RA: N/A | NEW
2026-05-27 17:42:24 | INFO     | scraper |   DONE 'Rate Contract Bids': scraped=10 | new=10 | errors=0 | 120.69s
2026-05-27 17:42:24 | INFO     | scraper | ==================================================
2026-05-27 17:42:24 | INFO     | scraper | BID TYPE: Global Tender
2026-05-27 17:42:24 | INFO     | scraper | ==================================================
2026-05-27 17:42:35 | INFO     | scraper |   Page 1 | Collected 0/10
2026-05-27 17:42:35 | INFO     | scraper |   Cards found: 9
2026-05-27 17:42:43 | INFO     | scraper |   [1/10] GEM/2026/B/7465807 | Type: Global Tender | RA: N/A | NEW
2026-05-27 17:42:49 | INFO     | scraper |   [2/10] GEM/2026/B/7473435 | Type: Global Tender | RA: N/A | NEW
2026-05-27 17:42:58 | INFO     | scraper |   [3/10] GEM/2026/B/7509648 | Type: Global Tender | RA: N/A | NEW
2026-05-27 17:43:03 | INFO     | scraper |   [4/10] GEM/2026/B/7429899 | Type: Global Tender | RA: N/A | NEW
2026-05-27 17:43:11 | INFO     | scraper |   [5/10] GEM/2026/B/7560028 | Type: Global Tender | RA: N/A | NEW
2026-05-27 17:43:20 | INFO     | scraper |   [6/10] GEM/2026/B/7475057 | Type: Global Tender | RA: N/A | NEW
2026-05-27 17:43:29 | INFO     | scraper |   [7/10] GEM/2026/B/7530104 | Type: Global Tender | RA: N/A | NEW
2026-05-27 17:43:36 | INFO     | scraper |   [8/10] GEM/2026/B/7499373 | Type: Global Tender | RA: N/A | NEW
2026-05-27 17:43:45 | INFO     | scraper |   [9/10] GEM/2026/B/7588495 | Type: Global Tender | RA: N/A | NEW
2026-05-27 17:43:51 | INFO     | scraper |   Page 2 | Collected 9/10
2026-05-27 17:43:52 | INFO     | scraper |   Cards found: 9
2026-05-27 17:43:52 | INFO     | scraper |   No new bids on page. Empty streak: 1/5
2026-05-27 17:43:56 | INFO     | scraper |   Page 3 | Collected 9/10
2026-05-27 17:43:56 | INFO     | scraper |   Cards found: 9
2026-05-27 17:43:56 | INFO     | scraper |   No new bids on page. Empty streak: 2/5
2026-05-27 17:44:00 | INFO     | scraper |   Page 4 | Collected 9/10
2026-05-27 17:44:00 | ERROR    | scraper | Fatal error on bid type 'Global Tender': Locator.count: Connection closed while reading from the driver
2026-05-27 17:44:00 | INFO     | scraper | ==================================================
2026-05-27 17:44:00 | INFO     | scraper | BID TYPE: Limited Tender
2026-05-27 17:44:00 | INFO     | scraper | ==================================================
2026-05-27 21:16:27 | INFO     | scraper | 
2026-05-27 21:16:27 | INFO     | scraper | ============================================================
2026-05-27 21:16:27 | INFO     | scraper | FULL SCRAPE RUN STARTED
2026-05-27 21:16:27 | INFO     | scraper | ============================================================
2026-05-27 21:16:46 | INFO     | scraper | ==================================================
2026-05-27 21:16:46 | INFO     | scraper | BID TYPE: Product Bid/RAs
2026-05-27 21:16:46 | INFO     | scraper | ==================================================
2026-05-27 21:16:58 | INFO     | scraper |   Page 1 | Collected 0/10
2026-05-27 21:16:58 | INFO     | scraper |   Cards found: 10
2026-05-27 21:17:30 | INFO     | scraper |   [1/10] GEM/2026/B/7482363 | Type: Product | RA: N/A | NEW
2026-05-27 21:17:42 | INFO     | scraper |   [2/10] GEM/2026/B/7438690 | Type: Product | RA: N/A | NEW
2026-05-27 21:17:53 | INFO     | scraper |   [3/10] GEM/2026/B/7502486 | Type: Product | RA: N/A | NEW
2026-05-27 21:18:04 | INFO     | scraper |   [4/10] GEM/2026/B/7498952 | Type: Product | RA: N/A | NEW
2026-05-27 21:18:13 | INFO     | scraper |   [5/10] GEM/2026/B/7484117 | Type: Product | RA: N/A | NEW
2026-05-27 21:18:22 | INFO     | scraper |   [6/10] GEM/2026/B/7479169 | Type: Product | RA: N/A | NEW
2026-05-27 21:18:30 | INFO     | scraper |   [7/10] GEM/2026/B/7478621 | Type: Product | RA: N/A | NEW
2026-05-27 21:18:38 | INFO     | scraper |   [8/10] GEM/2026/B/7477116 | Type: Product | RA: N/A | NEW
2026-05-27 21:18:45 | INFO     | scraper |   [9/10] GEM/2026/B/7470361 | Type: Product | RA: N/A | NEW
2026-05-27 21:18:58 | INFO     | scraper |   [10/10] GEM/2026/B/7460032 | Type: Product | RA: N/A | NEW
2026-05-27 21:19:06 | INFO     | scraper |   DONE 'Product Bid/RAs': scraped=10 | new=10 | errors=0 | 139.98s
2026-05-27 21:19:06 | INFO     | scraper | ==================================================
2026-05-27 21:19:06 | INFO     | scraper | BID TYPE: Service Bid/RAs
2026-05-27 21:19:06 | INFO     | scraper | ==================================================
2026-05-27 21:19:14 | INFO     | scraper |   Page 1 | Collected 0/10
2026-05-27 21:19:14 | INFO     | scraper |   Cards found: 10
2026-05-27 21:19:20 | INFO     | scraper |   [1/10] GEM/2026/B/7516245 | Type: Service | RA: N/A | NEW
2026-05-27 21:19:27 | INFO     | scraper |   [2/10] GEM/2026/B/7514181 | Type: Service | RA: N/A | NEW
2026-05-27 21:19:35 | INFO     | scraper |   [3/10] GEM/2026/B/7512177 | Type: Service | RA: N/A | NEW
2026-05-27 21:19:43 | INFO     | scraper |   [4/10] GEM/2026/B/7511720 | Type: Service | RA: N/A | NEW
2026-05-27 21:19:52 | INFO     | scraper |   [5/10] GEM/2026/B/7511527 | Type: Service | RA: N/A | NEW
2026-05-27 21:20:04 | INFO     | scraper |   [6/10] GEM/2026/B/7550554 | Type: Service | RA: N/A | NEW
2026-05-27 21:20:13 | INFO     | scraper |   [7/10] GEM/2026/B/7527385 | Type: Service | RA: N/A | NEW
2026-05-27 21:20:21 | INFO     | scraper |   [8/10] GEM/2026/B/7488531 | Type: Service | RA: N/A | NEW
2026-05-27 21:20:30 | INFO     | scraper |   [9/10] GEM/2026/B/7488456 | Type: Service | RA: N/A | NEW
2026-05-27 21:20:37 | INFO     | scraper |   [10/10] GEM/2026/B/7445679 | Type: Service | RA: N/A | NEW
2026-05-27 21:20:44 | INFO     | scraper |   DONE 'Service Bid/RAs': scraped=10 | new=10 | errors=0 | 98.29s
2026-05-27 21:20:44 | INFO     | scraper | ==================================================
2026-05-27 21:20:44 | INFO     | scraper | BID TYPE: Bid To RAs
2026-05-27 21:20:44 | INFO     | scraper | ==================================================
2026-05-27 21:20:55 | INFO     | scraper |   Page 1 | Collected 0/10
2026-05-27 21:20:55 | INFO     | scraper |   Cards found: 10
2026-05-27 21:21:01 | INFO     | scraper |   [1/10] GEM/2026/B/7432093 | Type: Bid To RA | RA: GEM/2026/R/672884 | NEW
2026-05-27 21:21:13 | INFO     | scraper |   [2/10] GEM/2026/B/7561178 | Type: Bid To RA | RA: GEM/2026/R/672869 | NEW
2026-05-27 21:21:21 | INFO     | scraper |   [3/10] GEM/2026/B/7287849 | Type: Bid To RA | RA: GEM/2026/R/672511 | NEW
2026-05-27 21:21:35 | INFO     | scraper |   [4/10]  | Type: Bid To RA | RA: GEM/2026/R/672760 | NEW
2026-05-27 21:21:47 | INFO     | scraper |   [5/10]  | Type: Bid To RA | RA: GEM/2026/R/672764 | NEW
2026-05-27 21:21:57 | INFO     | scraper |   [6/10] GEM/2026/B/7468724 | Type: Bid To RA | RA: GEM/2026/R/672880 | NEW
2026-05-27 21:22:08 | INFO     | scraper |   [7/10]  | Type: Bid To RA | RA: GEM/2026/R/672797 | NEW
2026-05-27 21:22:15 | INFO     | scraper |   [8/10] GEM/2026/B/7428100 | Type: Bid To RA | RA: GEM/2026/R/672886 | NEW
2026-05-27 21:22:26 | INFO     | scraper |   [9/10] GEM/2026/B/7450918 | Type: Bid To RA | RA: GEM/2026/R/671491 | NEW
2026-05-27 21:22:34 | INFO     | scraper |   [10/10] GEM/2026/B/7538981 | Type: Bid To RA | RA: GEM/2026/R/672883 | NEW
2026-05-27 21:22:41 | INFO     | scraper |   DONE 'Bid To RAs': scraped=10 | new=10 | errors=0 | 116.87s
2026-05-27 21:22:41 | INFO     | scraper | ==================================================
2026-05-27 21:22:41 | INFO     | scraper | BID TYPE: Product Custom Bid/RAs
2026-05-27 21:22:41 | INFO     | scraper | ==================================================
2026-05-27 21:22:50 | INFO     | scraper |   Page 1 | Collected 0/10
2026-05-27 21:22:50 | INFO     | scraper |   Cards found: 10
2026-05-27 21:22:56 | INFO     | scraper |   [1/10] GEM/2026/B/7446304 | Type: Product | RA: N/A | NEW
2026-05-27 21:23:06 | INFO     | scraper |   [2/10] GEM/2026/B/7439202 | Type: Product | RA: N/A | NEW
2026-05-27 21:23:15 | INFO     | scraper |   [3/10] GEM/2026/B/7365477 | Type: Product | RA: N/A | NEW
2026-05-27 21:23:26 | INFO     | scraper |   [4/10] GEM/2026/B/7494711 | Type: Product | RA: N/A | NEW
2026-05-27 21:23:32 | INFO     | scraper |   Page 2 | Collected 4/10
2026-05-27 21:23:32 | INFO     | scraper |   Cards found: 10
2026-05-27 21:23:40 | INFO     | scraper |   [5/10] GEM/2026/B/7527450 | Type: Product | RA: N/A | NEW
2026-05-27 21:23:48 | INFO     | scraper |   [6/10] GEM/2026/B/7508134 | Type: Product | RA: N/A | NEW
2026-05-27 21:23:55 | INFO     | scraper |   [7/10] GEM/2026/B/7508040 | Type: Product | RA: N/A | NEW
2026-05-27 21:24:03 | INFO     | scraper |   [8/10] GEM/2026/B/7511380 | Type: Product | RA: N/A | NEW
2026-05-27 21:24:12 | INFO     | scraper |   [9/10] GEM/2026/B/7486214 | Type: Product | RA: N/A | NEW
2026-05-27 21:24:19 | INFO     | scraper |   Page 3 | Collected 9/10
2026-05-27 21:24:19 | INFO     | scraper |   Cards found: 10
2026-05-27 21:24:27 | INFO     | scraper |   [10/10] GEM/2026/B/7431402 | Type: Product | RA: N/A | NEW
2026-05-27 21:24:33 | INFO     | scraper |   DONE 'Product Custom Bid/RAs': scraped=10 | new=10 | errors=0 | 111.93s
2026-05-27 21:24:33 | INFO     | scraper | ==================================================
2026-05-27 21:24:33 | INFO     | scraper | BID TYPE: BOQ Bids
2026-05-27 21:24:33 | INFO     | scraper | ==================================================
2026-05-27 21:24:43 | INFO     | scraper |   Page 1 | Collected 0/10
2026-05-27 21:24:43 | INFO     | scraper |   Cards found: 10
2026-05-27 21:24:52 | INFO     | scraper |   [1/10] GEM/2026/B/7512339 | Type: BOQ | RA: N/A | NEW
2026-05-27 21:25:07 | INFO     | scraper |   [2/10] GEM/2026/B/7511762 | Type: BOQ | RA: N/A | NEW
2026-05-27 21:25:16 | INFO     | scraper |   [3/10] GEM/2026/B/7511546 | Type: BOQ | RA: N/A | NEW
2026-05-27 21:25:25 | INFO     | scraper |   [4/10] GEM/2026/B/7511203 | Type: BOQ | RA: N/A | NEW
2026-05-27 21:25:33 | INFO     | scraper |   [5/10] GEM/2026/B/7511186 | Type: BOQ | RA: N/A | NEW
2026-05-27 21:25:43 | INFO     | scraper |   [6/10] GEM/2026/B/7497582 | Type: BOQ | RA: N/A | NEW
2026-05-27 21:25:53 | INFO     | scraper |   [7/10] GEM/2026/B/7494258 | Type: BOQ | RA: N/A | NEW
2026-05-27 21:26:27 | INFO     | scraper |   [8/10] GEM/2026/B/7493091 | Type: BOQ | RA: N/A | NEW
2026-05-27 21:34:09 | INFO     | scraper |   [9/10] GEM/2026/B/7493052 | Type: BOQ | RA: N/A | NEW
2026-05-27 21:35:57 | INFO     | scraper |   [10/10] GEM/2026/B/7492575 | Type: BOQ | RA: N/A | NEW
2026-05-27 21:36:05 | INFO     | scraper |   DONE 'BOQ Bids': scraped=10 | new=10 | errors=0 | 691.97s
2026-05-27 21:36:05 | INFO     | scraper | ==================================================
2026-05-27 21:36:05 | INFO     | scraper | BID TYPE: Rate Contract Bids
2026-05-27 21:36:05 | INFO     | scraper | ==================================================
2026-05-27 21:36:17 | INFO     | scraper |   Page 1 | Collected 0/10
2026-05-27 21:36:17 | INFO     | scraper |   Cards found: 10
2026-05-27 21:36:25 | INFO     | scraper |   [1/10] GEM/2026/B/7488203 | Type: Rate Contract | RA: N/A | seen
2026-05-27 21:36:33 | INFO     | scraper |   [2/10] GEM/2026/B/7514993 | Type: Rate Contract | RA: N/A | seen
2026-05-27 21:36:39 | INFO     | scraper |   [3/10] GEM/2026/B/7526325 | Type: Rate Contract | RA: N/A | seen
2026-05-27 21:36:45 | INFO     | scraper |   [4/10] GEM/2026/B/7525919 | Type: Rate Contract | RA: N/A | seen
2026-05-27 21:36:52 | INFO     | scraper |   [5/10] GEM/2026/B/7532717 | Type: Rate Contract | RA: N/A | seen
2026-05-27 21:36:59 | INFO     | scraper |   [6/10] GEM/2026/B/7544252 | Type: Rate Contract | RA: N/A | seen
2026-05-27 21:37:04 | INFO     | scraper |   [7/10] GEM/2026/B/7465759 | Type: Rate Contract | RA: N/A | seen
2026-05-27 21:37:10 | INFO     | scraper |   [8/10] GEM/2026/B/7496302 | Type: Rate Contract | RA: N/A | seen
2026-05-27 21:37:16 | INFO     | scraper |   [9/10] GEM/2026/B/7478455 | Type: Rate Contract | RA: N/A | seen
2026-05-27 21:37:24 | INFO     | scraper |   [10/10] GEM/2026/B/7479402 | Type: Rate Contract | RA: N/A | seen
2026-05-27 21:37:31 | INFO     | scraper |   DONE 'Rate Contract Bids': scraped=10 | new=0 | errors=0 | 86.14s
2026-05-27 21:37:31 | INFO     | scraper | ==================================================
2026-05-27 21:37:31 | INFO     | scraper | BID TYPE: Global Tender
2026-05-27 21:37:31 | INFO     | scraper | ==================================================
2026-05-27 21:37:43 | INFO     | scraper |   Page 1 | Collected 0/10
2026-05-27 21:37:43 | INFO     | scraper |   Cards found: 9
2026-05-27 21:37:47 | INFO     | scraper |   [1/10] GEM/2026/B/7465807 | Type: Global Tender | RA: N/A | seen
2026-05-27 21:37:52 | INFO     | scraper |   [2/10] GEM/2026/B/7473435 | Type: Global Tender | RA: N/A | seen
2026-05-27 21:37:58 | INFO     | scraper |   [3/10] GEM/2026/B/7509648 | Type: Global Tender | RA: N/A | seen
2026-05-27 21:38:03 | INFO     | scraper |   [4/10] GEM/2026/B/7429899 | Type: Global Tender | RA: N/A | seen
2026-05-27 21:38:09 | INFO     | scraper |   [5/10] GEM/2026/B/7560028 | Type: Global Tender | RA: N/A | seen
2026-05-27 21:38:15 | INFO     | scraper |   [6/10] GEM/2026/B/7475057 | Type: Global Tender | RA: N/A | seen
2026-05-27 21:38:24 | INFO     | scraper |   [7/10] GEM/2026/B/7530104 | Type: Global Tender | RA: N/A | seen
2026-05-27 21:38:30 | INFO     | scraper |   [8/10] GEM/2026/B/7499373 | Type: Global Tender | RA: N/A | seen
2026-05-27 21:38:37 | INFO     | scraper |   [9/10] GEM/2026/B/7588495 | Type: Global Tender | RA: N/A | seen
2026-05-27 21:38:45 | INFO     | scraper |   Page 2 | Collected 9/10
2026-05-27 21:38:45 | INFO     | scraper |   Cards found: 9
2026-05-27 21:38:46 | INFO     | scraper |   No new bids on page. Empty streak: 1/5
2026-05-27 21:38:53 | INFO     | scraper |   Page 3 | Collected 9/10
2026-05-27 21:38:53 | INFO     | scraper |   Cards found: 9
2026-05-27 21:38:54 | INFO     | scraper |   No new bids on page. Empty streak: 2/5
2026-05-27 21:38:59 | INFO     | scraper |   Page 4 | Collected 9/10
2026-05-27 21:38:59 | INFO     | scraper |   Cards found: 9
2026-05-27 21:39:00 | INFO     | scraper |   No new bids on page. Empty streak: 3/5
2026-05-27 21:39:05 | INFO     | scraper |   Page 5 | Collected 9/10
2026-05-27 21:39:06 | INFO     | scraper |   Cards found: 9
2026-05-27 21:39:06 | INFO     | scraper |   No new bids on page. Empty streak: 4/5
2026-05-27 21:39:10 | INFO     | scraper |   Page 6 | Collected 9/10
2026-05-27 21:39:10 | INFO     | scraper |   Cards found: 9
2026-05-27 21:39:11 | INFO     | scraper |   No new bids on page. Empty streak: 5/5
2026-05-27 21:39:11 | INFO     | scraper |   Stopping 'Global Tender' — 5 empty pages reached
2026-05-27 21:39:11 | INFO     | scraper |   DONE 'Global Tender': scraped=9 | new=0 | errors=0 | 99.64s
2026-05-27 21:39:11 | INFO     | scraper | ==================================================
2026-05-27 21:39:11 | INFO     | scraper | BID TYPE: Limited Tender
2026-05-27 21:39:11 | INFO     | scraper | ==================================================
2026-05-27 21:39:20 | INFO     | scraper |   Page 1 | Collected 0/10
2026-05-27 21:39:20 | INFO     | scraper |   Cards found: 10
2026-05-27 21:39:34 | INFO     | scraper |   [1/10] GEM/2026/B/7536554 | Type: Limited Tender | RA: N/A | NEW
2026-05-27 21:39:47 | INFO     | scraper |   [2/10] GEM/2026/B/7570256 | Type: Limited Tender | RA: N/A | NEW
2026-05-27 21:39:58 | INFO     | scraper |   [3/10] GEM/2026/B/7551866 | Type: Limited Tender | RA: N/A | NEW
2026-05-27 21:40:09 | INFO     | scraper |   [4/10] GEM/2026/B/7551811 | Type: Limited Tender | RA: N/A | NEW
2026-05-27 21:40:21 | INFO     | scraper |   [5/10] GEM/2026/B/7471797 | Type: Limited Tender | RA: N/A | NEW
2026-05-27 21:40:31 | INFO     | scraper |   [6/10] GEM/2026/B/7510767 | Type: Limited Tender | RA: N/A | NEW
2026-05-27 21:40:43 | INFO     | scraper |   [7/10] GEM/2026/B/7541281 | Type: Limited Tender | RA: N/A | NEW
2026-05-27 21:40:54 | INFO     | scraper |   [8/10] GEM/2026/B/7540662 | Type: Limited Tender | RA: N/A | NEW
2026-05-27 21:41:06 | INFO     | scraper |   [9/10] GEM/2026/B/7566086 | Type: Limited Tender | RA: N/A | NEW
2026-05-27 21:41:18 | INFO     | scraper |   [10/10] GEM/2026/B/7551914 | Type: Limited Tender | RA: N/A | NEW
2026-05-27 21:41:24 | INFO     | scraper |   DONE 'Limited Tender': scraped=10 | new=10 | errors=0 | 133.48s
2026-05-27 21:41:24 | INFO     | scraper | ==================================================
2026-05-27 21:41:24 | INFO     | scraper | BID TYPE: Single Tender
2026-05-27 21:41:24 | INFO     | scraper | ==================================================
2026-05-27 21:41:32 | INFO     | scraper |   Page 1 | Collected 0/10
2026-05-27 21:41:32 | INFO     | scraper |   Cards found: 10
2026-05-27 21:41:47 | INFO     | scraper |   [1/10] GEM/2026/B/7469914 | Type: Single Tender | RA: N/A | NEW
2026-05-27 21:41:59 | INFO     | scraper |   [2/10] GEM/2026/B/7485747 | Type: Single Tender | RA: N/A | NEW
2026-05-27 21:42:09 | INFO     | scraper |   [3/10] GEM/2026/B/7516629 | Type: Single Tender | RA: N/A | NEW
2026-05-27 21:42:20 | INFO     | scraper |   [4/10] GEM/2026/B/7431993 | Type: Single Tender | RA: N/A | NEW
2026-05-27 21:42:29 | INFO     | scraper |   [5/10] GEM/2026/B/7545644 | Type: Single Tender | RA: N/A | NEW
2026-05-27 21:42:36 | INFO     | scraper |   [6/10] GEM/2026/B/7557695 | Type: Service | RA: N/A | NEW
2026-05-27 21:42:45 | INFO     | scraper |   [7/10] GEM/2026/B/7485894 | Type: Single Tender | RA: N/A | NEW
2026-05-27 21:42:57 | INFO     | scraper |   [8/10] GEM/2026/B/7456612 | Type: Single Tender | RA: N/A | NEW
2026-05-27 21:43:03 | INFO     | scraper |   [9/10] GEM/2026/B/7513658 | Type: Single Tender | RA: N/A | NEW
2026-05-27 21:43:11 | INFO     | scraper |   [10/10] GEM/2026/B/7445473 | Type: Single Tender | RA: N/A | NEW
2026-05-27 21:43:18 | INFO     | scraper |   DONE 'Single Tender': scraped=10 | new=10 | errors=0 | 113.67s
2026-05-27 21:43:19 | INFO     | scraper | 
2026-05-27 21:43:19 | INFO     | scraper | ============================================================
2026-05-27 21:43:19 | INFO     | scraper | RUN COMPLETE | Scraped: 89 | New: 70 | Errors: 0 | Total in DB: 139
2026-05-27 21:43:19 | INFO     | scraper | ============================================================
2026-05-27 21:45:14 | INFO     | scraper | 
2026-05-27 21:45:14 | INFO     | scraper | ============================================================
2026-05-27 21:45:14 | INFO     | scraper | FULL SCRAPE RUN STARTED
2026-05-27 21:45:14 | INFO     | scraper | ============================================================
2026-05-27 21:45:24 | INFO     | scraper | ==================================================
2026-05-27 21:45:24 | INFO     | scraper | BID TYPE: Product Bid/RAs
2026-05-27 21:45:24 | INFO     | scraper | ==================================================
2026-05-27 21:45:34 | INFO     | scraper |   Page 1 | Collected 0/10
2026-05-27 21:45:34 | INFO     | scraper |   Cards found: 10
2026-05-27 21:45:37 | INFO     | scraper |   [1/10] GEM/2026/B/7482363 | Type: Product | RA: N/A | seen
2026-05-27 21:45:43 | INFO     | scraper |   [2/10] GEM/2026/B/7438690 | Type: Product | RA: N/A | seen
2026-05-27 21:45:48 | INFO     | scraper |   [3/10] GEM/2026/B/7502486 | Type: Product | RA: N/A | seen
2026-05-27 21:45:55 | INFO     | scraper |   [4/10] GEM/2026/B/7498952 | Type: Product | RA: N/A | seen
2026-05-27 21:46:01 | INFO     | scraper |   [5/10] GEM/2026/B/7484117 | Type: Product | RA: N/A | seen
2026-05-27 21:46:07 | INFO     | scraper |   [6/10] GEM/2026/B/7479169 | Type: Product | RA: N/A | seen
2026-05-27 21:46:13 | INFO     | scraper |   [7/10] GEM/2026/B/7478621 | Type: Product | RA: N/A | seen
2026-05-27 21:46:19 | INFO     | scraper |   [8/10] GEM/2026/B/7477116 | Type: Product | RA: N/A | seen
2026-05-27 21:46:27 | INFO     | scraper |   [9/10] GEM/2026/B/7470361 | Type: Product | RA: N/A | seen
2026-05-27 21:46:33 | INFO     | scraper |   [10/10] GEM/2026/B/7460032 | Type: Product | RA: N/A | seen
2026-05-27 21:46:40 | INFO     | scraper |   DONE 'Product Bid/RAs': scraped=10 | new=0 | errors=0 | 76.57s
2026-05-27 21:46:40 | INFO     | scraper | ==================================================
2026-05-27 21:46:40 | INFO     | scraper | BID TYPE: Service Bid/RAs
2026-05-27 21:46:40 | INFO     | scraper | ==================================================
2026-05-27 21:46:50 | INFO     | scraper |   Page 1 | Collected 0/10
2026-05-27 21:46:50 | INFO     | scraper |   Cards found: 10
2026-05-27 21:47:20 | INFO     | scraper |   [1/10] GEM/2026/B/7480414 | Type: Service | RA: N/A | NEW
2026-05-27 21:47:30 | INFO     | scraper |   [2/10] GEM/2026/B/7464004 | Type: Service | RA: N/A | NEW
2026-05-27 21:47:38 | INFO     | scraper |   [3/10] GEM/2026/B/7456498 | Type: Service | RA: N/A | NEW
2026-05-27 21:47:44 | INFO     | scraper |   [4/10] GEM/2026/B/7516245 | Type: Service | RA: N/A | seen
2026-05-27 21:47:49 | INFO     | scraper |   [5/10] GEM/2026/B/7514181 | Type: Service | RA: N/A | seen
2026-05-27 21:47:55 | INFO     | scraper |   [6/10] GEM/2026/B/7581586 | Type: Service | RA: N/A | NEW
2026-05-27 21:48:03 | INFO     | scraper |   [7/10] GEM/2026/B/7581449 | Type: Service | RA: N/A | NEW
2026-05-27 21:48:11 | INFO     | scraper |   [8/10] GEM/2026/B/7581136 | Type: Service | RA: N/A | NEW
2026-05-27 21:48:19 | INFO     | scraper |   [9/10] GEM/2026/B/7581126 | Type: Service | RA: N/A | NEW
2026-05-27 21:48:27 | INFO     | scraper |   [10/10] GEM/2026/B/7581075 | Type: Service | RA: N/A | NEW
2026-05-27 21:48:32 | INFO     | scraper |   DONE 'Service Bid/RAs': scraped=10 | new=8 | errors=0 | 111.6s
2026-05-27 21:48:32 | INFO     | scraper | ==================================================
2026-05-27 21:48:32 | INFO     | scraper | BID TYPE: Bid To RAs
2026-05-27 21:48:32 | INFO     | scraper | ==================================================
2026-05-27 21:48:42 | INFO     | scraper |   Page 1 | Collected 0/10
2026-05-27 21:48:42 | INFO     | scraper |   Cards found: 10
2026-05-27 21:48:45 | INFO     | scraper |   [1/10] GEM/2026/B/7432093 | Type: Bid To RA | RA: GEM/2026/R/672884 | seen
2026-05-27 21:48:51 | INFO     | scraper |   [2/10] GEM/2026/B/7561178 | Type: Bid To RA | RA: GEM/2026/R/672869 | seen
2026-05-27 21:48:55 | INFO     | scraper |   [3/10] GEM/2026/B/7287849 | Type: Bid To RA | RA: GEM/2026/R/672511 | seen
2026-05-27 21:49:02 | INFO     | scraper |   [4/10]  | Type: Bid To RA | RA: GEM/2026/R/672760 | seen
2026-05-27 21:49:09 | INFO     | scraper |   [5/10]  | Type: Bid To RA | RA: GEM/2026/R/672764 | seen
2026-05-27 21:49:15 | INFO     | scraper |   [6/10]  | Type: Bid To RA | RA: GEM/2026/R/672797 | seen
2026-05-27 21:49:21 | INFO     | scraper |   [7/10] GEM/2026/B/7428100 | Type: Bid To RA | RA: GEM/2026/R/672886 | seen
2026-05-27 21:49:27 | INFO     | scraper |   [8/10] GEM/2026/B/7450918 | Type: Bid To RA | RA: GEM/2026/R/671491 | seen
2026-05-27 21:49:34 | INFO     | scraper |   [9/10] GEM/2026/B/7538981 | Type: Bid To RA | RA: GEM/2026/R/672883 | seen
2026-05-27 21:49:47 | INFO     | scraper |   [10/10]  | Type: Bid To RA | RA: GEM/2026/R/672799 | NEW
2026-05-27 21:49:56 | INFO     | scraper |   DONE 'Bid To RAs': scraped=10 | new=1 | errors=0 | 84.02s
2026-05-27 21:49:56 | INFO     | scraper | ==================================================
2026-05-27 21:49:56 | INFO     | scraper | BID TYPE: Product Custom Bid/RAs
2026-05-27 21:49:56 | INFO     | scraper | ==================================================
2026-05-27 21:50:07 | INFO     | scraper |   Page 1 | Collected 0/10
2026-05-27 21:50:07 | INFO     | scraper |   Cards found: 10
2026-05-27 21:50:13 | INFO     | scraper |   [1/10] GEM/2026/B/7446304 | Type: Product | RA: N/A | seen
2026-05-27 21:50:18 | INFO     | scraper |   [2/10] GEM/2026/B/7439202 | Type: Product | RA: N/A | seen
2026-05-27 21:50:24 | INFO     | scraper |   [3/10] GEM/2026/B/7365477 | Type: Product | RA: N/A | seen
2026-05-27 21:50:31 | INFO     | scraper |   [4/10] GEM/2026/B/7494711 | Type: Product | RA: N/A | seen
2026-05-27 21:50:39 | INFO     | scraper |   Page 2 | Collected 4/10
2026-05-27 21:50:39 | INFO     | scraper |   Cards found: 10
2026-05-27 21:50:42 | INFO     | scraper |   [5/10] GEM/2026/B/7527450 | Type: Product | RA: N/A | seen
2026-05-27 21:50:48 | INFO     | scraper |   [6/10] GEM/2026/B/7508134 | Type: Product | RA: N/A | seen
2026-05-27 21:50:55 | INFO     | scraper |   [7/10] GEM/2026/B/7508040 | Type: Product | RA: N/A | seen
2026-05-27 21:51:02 | INFO     | scraper |   [8/10] GEM/2026/B/7511380 | Type: Product | RA: N/A | seen
2026-05-27 21:51:09 | INFO     | scraper |   [9/10] GEM/2026/B/7486214 | Type: Product | RA: N/A | seen
2026-05-27 21:51:15 | INFO     | scraper |   Page 3 | Collected 9/10
2026-05-27 21:51:15 | INFO     | scraper |   Cards found: 10
2026-05-27 21:51:22 | INFO     | scraper |   [10/10] GEM/2026/B/7461345 | Type: Product | RA: N/A | NEW
2026-05-27 21:51:30 | INFO     | scraper |   DONE 'Product Custom Bid/RAs': scraped=10 | new=1 | errors=0 | 93.89s
2026-05-27 21:51:30 | INFO     | scraper | ==================================================
2026-05-27 21:51:30 | INFO     | scraper | BID TYPE: BOQ Bids
2026-05-27 21:51:30 | INFO     | scraper | ==================================================
2026-05-27 21:51:41 | INFO     | scraper |   Page 1 | Collected 0/10
2026-05-27 21:51:41 | INFO     | scraper |   Cards found: 10
2026-05-27 21:51:47 | INFO     | scraper |   [1/10] GEM/2026/B/7513922 | Type: BOQ | RA: N/A | NEW
2026-05-27 21:51:57 | INFO     | scraper |   [2/10] GEM/2026/B/7496552 | Type: BOQ | RA: N/A | NEW
2026-05-27 21:52:05 | INFO     | scraper |   [3/10] GEM/2026/B/7488463 | Type: BOQ | RA: N/A | NEW
2026-05-27 21:52:17 | INFO     | scraper |   [4/10] GEM/2026/B/7485762 | Type: BOQ | RA: N/A | NEW
2026-05-27 21:52:28 | INFO     | scraper |   [5/10] GEM/2026/B/7458999 | Type: BOQ | RA: N/A | NEW
2026-05-27 21:52:33 | INFO     | scraper |   [6/10] GEM/2026/B/7512339 | Type: BOQ | RA: N/A | seen
2026-05-27 21:52:41 | INFO     | scraper |   [7/10] GEM/2026/B/7511762 | Type: BOQ | RA: N/A | seen
2026-05-27 21:52:49 | INFO     | scraper |   [8/10] GEM/2026/B/7511546 | Type: BOQ | RA: N/A | seen
2026-05-27 21:52:55 | INFO     | scraper |   [9/10] GEM/2026/B/7511203 | Type: BOQ | RA: N/A | seen
2026-05-27 21:53:03 | INFO     | scraper |   Page 2 | Collected 9/10
2026-05-27 21:53:03 | INFO     | scraper |   Cards found: 10
2026-05-27 21:53:07 | INFO     | scraper |   [10/10] GEM/2026/B/7537989 | Type: BOQ | RA: N/A | NEW
2026-05-27 21:53:15 | INFO     | scraper |   DONE 'BOQ Bids': scraped=10 | new=6 | errors=0 | 105.57s
2026-05-27 21:53:15 | INFO     | scraper | ==================================================
2026-05-27 21:53:15 | INFO     | scraper | BID TYPE: Rate Contract Bids
2026-05-27 21:53:15 | INFO     | scraper | ==================================================
2026-05-27 21:53:24 | INFO     | scraper |   Page 1 | Collected 0/10
2026-05-27 21:53:24 | INFO     | scraper |   Cards found: 10
2026-05-27 21:53:28 | INFO     | scraper |   [1/10] GEM/2026/B/7514993 | Type: Rate Contract | RA: N/A | seen
2026-05-27 21:53:34 | INFO     | scraper |   [2/10] GEM/2026/B/7488203 | Type: Rate Contract | RA: N/A | seen
2026-05-27 21:53:41 | INFO     | scraper |   [3/10] GEM/2026/B/7526325 | Type: Rate Contract | RA: N/A | seen
2026-05-27 21:53:46 | INFO     | scraper |   [4/10] GEM/2026/B/7525919 | Type: Rate Contract | RA: N/A | seen
2026-05-27 21:53:53 | INFO     | scraper |   [5/10] GEM/2026/B/7532717 | Type: Rate Contract | RA: N/A | seen
2026-05-27 21:53:59 | INFO     | scraper |   [6/10] GEM/2026/B/7544252 | Type: Rate Contract | RA: N/A | seen
2026-05-27 21:54:05 | INFO     | scraper |   [7/10] GEM/2026/B/7465759 | Type: Rate Contract | RA: N/A | seen
2026-05-27 21:54:11 | INFO     | scraper |   [8/10] GEM/2026/B/7496302 | Type: Rate Contract | RA: N/A | seen
2026-05-27 21:54:17 | INFO     | scraper |   [9/10] GEM/2026/B/7478455 | Type: Rate Contract | RA: N/A | seen
2026-05-27 21:54:24 | INFO     | scraper |   [10/10] GEM/2026/B/7479402 | Type: Rate Contract | RA: N/A | seen
2026-05-27 21:54:30 | INFO     | scraper |   DONE 'Rate Contract Bids': scraped=10 | new=0 | errors=0 | 74.4s
2026-05-27 21:54:30 | INFO     | scraper | ==================================================
2026-05-27 21:54:30 | INFO     | scraper | BID TYPE: Global Tender
2026-05-27 21:54:30 | INFO     | scraper | ==================================================
2026-05-27 21:54:38 | INFO     | scraper |   Page 1 | Collected 0/10
2026-05-27 21:54:38 | INFO     | scraper |   Cards found: 9
2026-05-27 21:54:41 | INFO     | scraper |   [1/10] GEM/2026/B/7465807 | Type: Global Tender | RA: N/A | seen
2026-05-27 21:54:48 | INFO     | scraper |   [2/10] GEM/2026/B/7473435 | Type: Global Tender | RA: N/A | seen
2026-05-27 21:54:55 | INFO     | scraper |   [3/10] GEM/2026/B/7509648 | Type: Global Tender | RA: N/A | seen
2026-05-27 21:55:01 | INFO     | scraper |   [4/10] GEM/2026/B/7429899 | Type: Global Tender | RA: N/A | seen
2026-05-27 21:55:07 | INFO     | scraper |   [5/10] GEM/2026/B/7560028 | Type: Global Tender | RA: N/A | seen
2026-05-27 21:55:13 | INFO     | scraper |   [6/10] GEM/2026/B/7475057 | Type: Global Tender | RA: N/A | seen
2026-05-27 21:55:18 | INFO     | scraper |   [7/10] GEM/2026/B/7530104 | Type: Global Tender | RA: N/A | seen
2026-05-27 21:55:22 | INFO     | scraper |   [8/10] GEM/2026/B/7499373 | Type: Global Tender | RA: N/A | seen
2026-05-27 21:55:29 | INFO     | scraper |   [9/10] GEM/2026/B/7588495 | Type: Global Tender | RA: N/A | seen
2026-05-27 21:55:37 | INFO     | scraper |   Page 2 | Collected 9/10
2026-05-27 21:55:37 | INFO     | scraper |   Cards found: 9
2026-05-27 21:55:37 | INFO     | scraper |   No new bids on page. Empty streak: 1/5
2026-05-27 21:55:41 | INFO     | scraper |   Page 3 | Collected 9/10
2026-05-27 21:55:41 | INFO     | scraper |   Cards found: 9
2026-05-27 21:55:41 | INFO     | scraper |   No new bids on page. Empty streak: 2/5
2026-05-27 21:55:45 | INFO     | scraper |   Page 4 | Collected 9/10
2026-05-27 21:55:45 | INFO     | scraper |   Cards found: 9
2026-05-27 21:55:45 | INFO     | scraper |   No new bids on page. Empty streak: 3/5
2026-05-27 21:55:50 | INFO     | scraper |   Page 5 | Collected 9/10
2026-05-27 21:55:50 | INFO     | scraper |   Cards found: 9
2026-05-27 21:55:50 | INFO     | scraper |   No new bids on page. Empty streak: 4/5
2026-05-27 21:55:54 | INFO     | scraper |   Page 6 | Collected 9/10
2026-05-27 21:55:54 | INFO     | scraper |   Cards found: 9
2026-05-27 21:55:54 | INFO     | scraper |   No new bids on page. Empty streak: 5/5
2026-05-27 21:55:54 | INFO     | scraper |   Stopping 'Global Tender' — 5 empty pages reached
2026-05-27 21:55:54 | INFO     | scraper |   DONE 'Global Tender': scraped=9 | new=0 | errors=0 | 84.64s
2026-05-27 21:55:54 | INFO     | scraper | ==================================================
2026-05-27 21:55:54 | INFO     | scraper | BID TYPE: Limited Tender
2026-05-27 21:55:54 | INFO     | scraper | ==================================================
2026-05-27 21:56:02 | INFO     | scraper |   Page 1 | Collected 0/10
2026-05-27 21:56:02 | INFO     | scraper |   Cards found: 10
2026-05-27 21:56:06 | INFO     | scraper |   [1/10] GEM/2026/B/7510767 | Type: Limited Tender | RA: N/A | seen
2026-05-27 21:56:13 | INFO     | scraper |   [2/10] GEM/2026/B/7536554 | Type: Limited Tender | RA: N/A | seen
2026-05-27 21:56:17 | INFO     | scraper |   [3/10] GEM/2026/B/7570256 | Type: Limited Tender | RA: N/A | seen
2026-05-27 21:56:23 | INFO     | scraper |   [4/10] GEM/2026/B/7551866 | Type: Limited Tender | RA: N/A | seen
2026-05-27 21:56:29 | INFO     | scraper |   [5/10] GEM/2026/B/7551811 | Type: Limited Tender | RA: N/A | seen
2026-05-27 21:56:36 | INFO     | scraper |   [6/10] GEM/2026/B/7471797 | Type: Limited Tender | RA: N/A | seen
2026-05-27 21:56:43 | INFO     | scraper |   [7/10] GEM/2026/B/7511847 | Type: Limited Tender | RA: N/A | NEW
2026-05-27 21:56:49 | INFO     | scraper |   [8/10] GEM/2026/B/7507789 | Type: Limited Tender | RA: N/A | NEW
2026-05-27 21:56:56 | INFO     | scraper |   [9/10] GEM/2026/B/7541281 | Type: Limited Tender | RA: N/A | seen
2026-05-27 21:57:02 | INFO     | scraper |   [10/10] GEM/2026/B/7540662 | Type: Limited Tender | RA: N/A | seen
2026-05-27 21:57:10 | INFO     | scraper |   DONE 'Limited Tender': scraped=10 | new=2 | errors=0 | 75.83s
2026-05-27 21:57:10 | INFO     | scraper | ==================================================
2026-05-27 21:57:10 | INFO     | scraper | BID TYPE: Single Tender
2026-05-27 21:57:10 | INFO     | scraper | ==================================================
2026-05-27 21:57:19 | INFO     | scraper |   Page 1 | Collected 0/10
2026-05-27 21:57:19 | INFO     | scraper |   Cards found: 10
2026-05-27 21:57:22 | INFO     | scraper |   [1/10] GEM/2026/B/7485747 | Type: Single Tender | RA: N/A | seen
2026-05-27 21:57:27 | INFO     | scraper |   [2/10] GEM/2026/B/7516629 | Type: Single Tender | RA: N/A | seen
2026-05-27 21:57:32 | INFO     | scraper |   [3/10] GEM/2026/B/7469914 | Type: Single Tender | RA: N/A | seen
2026-05-27 21:57:37 | INFO     | scraper |   [4/10] GEM/2026/B/7485894 | Type: Single Tender | RA: N/A | seen
2026-05-27 21:57:43 | INFO     | scraper |   [5/10] GEM/2026/B/7545644 | Type: Single Tender | RA: N/A | seen
2026-05-27 21:57:49 | INFO     | scraper |   [6/10] GEM/2026/B/7557695 | Type: Service | RA: N/A | seen
2026-05-27 21:57:56 | INFO     | scraper |   [7/10] GEM/2026/B/7431993 | Type: Single Tender | RA: N/A | seen
2026-05-27 21:58:02 | INFO     | scraper |   [8/10] GEM/2026/B/7513658 | Type: Single Tender | RA: N/A | seen
2026-05-27 21:58:08 | INFO     | scraper |   [9/10] GEM/2026/B/7445473 | Type: Single Tender | RA: N/A | seen
2026-05-27 21:58:16 | INFO     | scraper |   [10/10] GEM/2026/B/7526414 | Type: Single Tender | RA: N/A | NEW
2026-05-27 21:58:24 | INFO     | scraper |   DONE 'Single Tender': scraped=10 | new=1 | errors=0 | 74.22s
2026-05-27 21:58:25 | INFO     | scraper | 
2026-05-27 21:58:25 | INFO     | scraper | ============================================================
2026-05-27 21:58:25 | INFO     | scraper | RUN COMPLETE | Scraped: 89 | New: 19 | Errors: 0 | Total in DB: 158
2026-05-27 21:58:25 | INFO     | scraper | ============================================================
2026-05-27 22:51:56 | INFO     | scraper | 
2026-05-27 22:51:56 | INFO     | scraper | ============================================================
2026-05-27 22:51:56 | INFO     | scraper | FULL SCRAPE RUN STARTED
2026-05-27 22:51:56 | INFO     | scraper | ============================================================
2026-05-27 22:52:16 | INFO     | scraper | ==================================================
2026-05-27 22:52:16 | INFO     | scraper | BID TYPE: Product Bid/RAs
2026-05-27 22:52:16 | INFO     | scraper | ==================================================
2026-05-27 22:52:25 | INFO     | scraper |   Page 1 | Collected 0/10
2026-05-27 22:52:25 | INFO     | scraper |   Cards found: 10
2026-05-27 22:52:47 | INFO     | scraper |   [1/10] GEM/2026/B/7482363 | Type: Product | RA: N/A | NEW
2026-05-27 22:52:53 | INFO     | scraper |   [2/10] GEM/2026/B/7438690 | Type: Product | RA: N/A | NEW
2026-05-27 22:52:59 | INFO     | scraper |   [3/10] GEM/2026/B/7516629 | Type: Product | RA: N/A | NEW
2026-05-27 22:53:06 | INFO     | scraper |   [4/10] GEM/2026/B/7514278 | Type: Product | RA: N/A | NEW
2026-05-27 22:53:20 | INFO     | scraper | 
2026-05-27 22:53:20 | INFO     | scraper | ============================================================
2026-05-27 22:53:20 | INFO     | scraper | FULL SCRAPE RUN STARTED
2026-05-27 22:53:20 | INFO     | scraper | ============================================================
2026-05-27 22:53:30 | INFO     | scraper | ==================================================
2026-05-27 22:53:30 | INFO     | scraper | BID TYPE: Product Bid/RAs
2026-05-27 22:53:30 | INFO     | scraper | ==================================================
2026-05-27 22:53:39 | INFO     | scraper |   Page 1 | Collected 0/5
2026-05-27 22:53:39 | INFO     | scraper |   Cards found: 10
2026-05-27 22:53:41 | INFO     | scraper |   [1/5] GEM/2026/B/7482363 | Type: Product | RA: N/A | seen
2026-05-27 22:53:48 | INFO     | scraper |   [2/5] GEM/2026/B/7438690 | Type: Product | RA: N/A | seen
2026-05-27 22:54:09 | INFO     | scraper |   [3/5] GEM/2026/B/7502486 | Type: Product | RA: N/A | NEW
2026-05-27 22:54:16 | INFO     | scraper |   [4/5] GEM/2026/B/7498952 | Type: Product | RA: N/A | NEW
2026-05-27 22:54:21 | INFO     | scraper |   [5/5] GEM/2026/B/7484117 | Type: Product | RA: N/A | NEW
2026-05-27 22:54:27 | INFO     | scraper |   DONE 'Product Bid/RAs': scraped=5 | new=3 | errors=0 | 56.96s
2026-05-27 22:54:27 | INFO     | scraper | ==================================================
2026-05-27 22:54:27 | INFO     | scraper | BID TYPE: Service Bid/RAs
2026-05-27 22:54:27 | INFO     | scraper | ==================================================
2026-05-27 22:54:36 | INFO     | scraper |   Page 1 | Collected 0/5
2026-05-27 22:54:36 | INFO     | scraper |   Cards found: 10
2026-05-27 22:54:40 | INFO     | scraper |   [1/5] GEM/2026/B/7516245 | Type: Service | RA: N/A | NEW
2026-05-27 22:54:48 | INFO     | scraper |   [2/5] GEM/2026/B/7514181 | Type: Service | RA: N/A | NEW
2026-05-27 22:54:55 | INFO     | scraper |   [3/5] GEM/2026/B/7512177 | Type: Service | RA: N/A | NEW
2026-05-27 22:55:01 | INFO     | scraper |   [4/5] GEM/2026/B/7511720 | Type: Service | RA: N/A | NEW
2026-05-27 22:55:08 | INFO     | scraper |   [5/5] GEM/2026/B/7511527 | Type: Service | RA: N/A | NEW
2026-05-27 22:55:14 | INFO     | scraper |   DONE 'Service Bid/RAs': scraped=5 | new=5 | errors=0 | 46.05s
2026-05-27 22:55:14 | INFO     | scraper | ==================================================
2026-05-27 22:55:14 | INFO     | scraper | BID TYPE: Bid To RAs
2026-05-27 22:55:14 | INFO     | scraper | ==================================================
2026-05-27 22:55:23 | INFO     | scraper |   Page 1 | Collected 0/5
2026-05-27 22:55:23 | INFO     | scraper |   Cards found: 10
2026-05-27 22:55:28 | INFO     | scraper |   [1/5] GEM/2026/B/7561178 | Type: Bid To RA | RA: GEM/2026/R/672869 | NEW
2026-05-27 22:55:34 | INFO     | scraper |   [2/5] GEM/2026/B/7287849 | Type: Bid To RA | RA: GEM/2026/R/672511 | NEW
2026-05-27 22:55:41 | INFO     | scraper |   [3/5]  | Type: Bid To RA | RA: GEM/2026/R/672760 | NEW
2026-05-27 22:55:50 | INFO     | scraper |   [4/5]  | Type: Bid To RA | RA: GEM/2026/R/672764 | NEW
2026-05-27 22:55:57 | INFO     | scraper |   [5/5] GEM/2026/B/7432093 | Type: Bid To RA | RA: GEM/2026/R/672884 | NEW
2026-05-27 22:56:03 | INFO     | scraper |   DONE 'Bid To RAs': scraped=5 | new=5 | errors=0 | 49.89s
2026-05-27 22:56:03 | INFO     | scraper | ==================================================
2026-05-27 22:56:03 | INFO     | scraper | BID TYPE: Product Custom Bid/RAs
2026-05-27 22:56:03 | INFO     | scraper | ==================================================
2026-05-27 22:56:11 | INFO     | scraper |   Page 1 | Collected 0/5
2026-05-27 22:56:11 | INFO     | scraper |   Cards found: 10
2026-05-27 22:56:16 | INFO     | scraper |   [1/5] GEM/2026/B/7516629 | Type: Product | RA: N/A | seen
2026-05-27 22:56:23 | INFO     | scraper |   [2/5] GEM/2026/B/7511194 | Type: Product | RA: N/A | NEW
2026-05-27 22:56:28 | INFO     | scraper |   [3/5] GEM/2026/B/7510162 | Type: Product | RA: N/A | NEW
2026-05-27 22:56:36 | INFO     | scraper |   [4/5] GEM/2026/B/7506691 | Type: Product | RA: N/A | NEW
2026-05-27 22:56:42 | INFO     | scraper |   [5/5] GEM/2026/B/7500730 | Type: Product | RA: N/A | NEW
2026-05-27 22:56:50 | INFO     | scraper |   DONE 'Product Custom Bid/RAs': scraped=5 | new=4 | errors=0 | 46.29s
2026-05-27 22:56:50 | INFO     | scraper | ==================================================
2026-05-27 22:56:50 | INFO     | scraper | BID TYPE: BOQ Bids
2026-05-27 22:56:50 | INFO     | scraper | ==================================================
2026-05-27 22:57:00 | INFO     | scraper |   Page 1 | Collected 0/5
2026-05-27 22:57:00 | INFO     | scraper |   Cards found: 10
2026-05-27 22:57:04 | INFO     | scraper |   [1/5] GEM/2026/B/7512339 | Type: BOQ | RA: N/A | NEW
2026-05-27 22:57:13 | INFO     | scraper |   [2/5] GEM/2026/B/7511762 | Type: BOQ | RA: N/A | NEW
2026-05-27 22:57:19 | INFO     | scraper |   [3/5] GEM/2026/B/7511546 | Type: BOQ | RA: N/A | NEW
2026-05-27 22:57:25 | INFO     | scraper |   [4/5] GEM/2026/B/7511203 | Type: BOQ | RA: N/A | NEW
2026-05-27 22:57:31 | INFO     | scraper |   [5/5] GEM/2026/B/7511186 | Type: BOQ | RA: N/A | NEW
2026-05-27 22:57:37 | INFO     | scraper |   DONE 'BOQ Bids': scraped=5 | new=5 | errors=0 | 47.04s
2026-05-27 22:57:37 | INFO     | scraper | ==================================================
2026-05-27 22:57:37 | INFO     | scraper | BID TYPE: Rate Contract Bids
2026-05-27 22:57:37 | INFO     | scraper | ==================================================
2026-05-27 22:57:46 | INFO     | scraper |   Page 1 | Collected 0/5
2026-05-27 22:57:46 | INFO     | scraper |   Cards found: 10
2026-05-27 22:57:52 | INFO     | scraper |   [1/5] GEM/2026/B/7488203 | Type: Rate Contract | RA: N/A | NEW
2026-05-27 22:57:59 | INFO     | scraper |   [2/5] GEM/2026/B/7514993 | Type: Rate Contract | RA: N/A | NEW
2026-05-27 22:58:06 | INFO     | scraper |   [3/5] GEM/2026/B/7526325 | Type: Rate Contract | RA: N/A | NEW
2026-05-27 22:58:13 | INFO     | scraper |   [4/5] GEM/2026/B/7525919 | Type: Rate Contract | RA: N/A | NEW
2026-05-27 22:58:20 | INFO     | scraper |   [5/5] GEM/2026/B/7532717 | Type: Rate Contract | RA: N/A | NEW
2026-05-27 22:58:26 | INFO     | scraper |   DONE 'Rate Contract Bids': scraped=5 | new=5 | errors=0 | 49.01s
2026-05-27 22:58:26 | INFO     | scraper | ==================================================
2026-05-27 22:58:26 | INFO     | scraper | BID TYPE: Global Tender
2026-05-27 22:58:26 | INFO     | scraper | ==================================================
2026-05-27 22:58:33 | INFO     | scraper |   Page 1 | Collected 0/5
2026-05-27 22:58:33 | INFO     | scraper |   Cards found: 9
2026-05-27 22:58:40 | INFO     | scraper |   [1/5] GEM/2026/B/7465807 | Type: Global Tender | RA: N/A | NEW
2026-05-27 22:58:48 | INFO     | scraper |   [2/5] GEM/2026/B/7473435 | Type: Global Tender | RA: N/A | NEW
2026-05-27 22:58:57 | INFO     | scraper |   [3/5] GEM/2026/B/7509648 | Type: Global Tender | RA: N/A | NEW
2026-05-27 22:59:05 | INFO     | scraper |   [4/5] GEM/2026/B/7429899 | Type: Global Tender | RA: N/A | NEW
2026-05-27 22:59:12 | INFO     | scraper |   [5/5] GEM/2026/B/7560028 | Type: Global Tender | RA: N/A | NEW
2026-05-27 22:59:19 | INFO     | scraper |   DONE 'Global Tender': scraped=5 | new=5 | errors=0 | 53.3s
2026-05-27 22:59:19 | INFO     | scraper | ==================================================
2026-05-27 22:59:19 | INFO     | scraper | BID TYPE: Limited Tender
2026-05-27 22:59:19 | INFO     | scraper | ==================================================
2026-05-27 22:59:28 | INFO     | scraper |   Page 1 | Collected 0/5
2026-05-27 22:59:28 | INFO     | scraper |   Cards found: 10
2026-05-27 22:59:36 | INFO     | scraper |   [1/5] GEM/2026/B/7536554 | Type: Limited Tender | RA: N/A | NEW
2026-05-27 22:59:46 | INFO     | scraper |   [2/5] GEM/2026/B/7570256 | Type: Limited Tender | RA: N/A | NEW
2026-05-27 22:59:54 | INFO     | scraper |   [3/5] GEM/2026/B/7551866 | Type: Limited Tender | RA: N/A | NEW
2026-05-27 23:00:01 | INFO     | scraper |   [4/5] GEM/2026/B/7551811 | Type: Limited Tender | RA: N/A | NEW
2026-05-27 23:00:10 | INFO     | scraper |   [5/5] GEM/2026/B/7471797 | Type: Limited Tender | RA: N/A | NEW
2026-05-27 23:00:18 | INFO     | scraper |   DONE 'Limited Tender': scraped=5 | new=5 | errors=0 | 58.63s
2026-05-27 23:00:18 | INFO     | scraper | ==================================================
2026-05-27 23:00:18 | INFO     | scraper | BID TYPE: Single Tender
2026-05-27 23:00:18 | INFO     | scraper | ==================================================
2026-05-27 23:00:26 | INFO     | scraper |   Page 1 | Collected 0/5
2026-05-27 23:00:26 | INFO     | scraper |   Cards found: 10
2026-05-27 23:00:32 | INFO     | scraper |   [1/5] GEM/2026/B/7485747 | Type: Single Tender | RA: N/A | NEW
2026-05-27 23:00:43 | INFO     | scraper |   [2/5] GEM/2026/B/7469914 | Type: Single Tender | RA: N/A | NEW
2026-05-27 23:00:50 | INFO     | scraper |   [3/5] GEM/2026/B/7485894 | Type: Single Tender | RA: N/A | NEW
2026-05-27 23:00:58 | INFO     | scraper |   [4/5] GEM/2026/B/7545644 | Type: Single Tender | RA: N/A | NEW
2026-05-27 23:01:06 | INFO     | scraper |   [5/5] GEM/2026/B/7557695 | Type: Service | RA: N/A | NEW
2026-05-27 23:01:15 | INFO     | scraper |   DONE 'Single Tender': scraped=5 | new=5 | errors=0 | 57.35s
2026-05-27 23:01:16 | INFO     | scraper | 
2026-05-27 23:01:16 | INFO     | scraper | ============================================================
2026-05-27 23:01:16 | INFO     | scraper | RUN COMPLETE | Scraped: 45 | New: 42 | Errors: 0 | Total in DB: 47
2026-05-27 23:01:16 | INFO     | scraper | ============================================================
2026-05-29 10:41:42 | INFO     | scraper | 
2026-05-29 10:41:42 | INFO     | scraper | ============================================================
2026-05-29 10:41:42 | INFO     | scraper | FULL SCRAPE RUN STARTED
2026-05-29 10:41:42 | INFO     | scraper | ============================================================
2026-05-29 10:41:56 | INFO     | scraper | ==================================================
2026-05-29 10:41:56 | INFO     | scraper | BID TYPE: Product Bid/RAs
2026-05-29 10:41:56 | INFO     | scraper | ==================================================
2026-05-29 10:42:05 | INFO     | scraper |   Page 1 | Collected 0/5
2026-05-29 10:42:05 | INFO     | scraper |   Cards found: 10
2026-05-29 10:43:28 | INFO     | scraper |   [1/5] GEM/2026/B/7497531 | Type: Product | RA: GEM/2026/R/673390 | NEW
2026-05-29 10:43:38 | INFO     | scraper |   [2/5] GEM/2026/B/7084406 | Type: Product | RA: GEM/2026/R/673102 | NEW
2026-05-29 10:43:46 | INFO     | scraper |   [3/5] GEM/2026/B/7460442 | Type: Product | RA: GEM/2026/R/673394 | NEW
2026-05-29 10:43:54 | INFO     | scraper |   [4/5] GEM/2026/B/7519853 | Type: Product | RA: GEM/2026/R/673266 | NEW
2026-05-29 10:44:01 | INFO     | scraper |   [5/5] GEM/2026/B/7330786 | Type: Product | RA: GEM/2026/R/673293 | NEW
2026-05-29 10:44:10 | INFO     | scraper |   DONE 'Product Bid/RAs': scraped=5 | new=5 | errors=0 | 134.01s
2026-05-29 10:44:10 | INFO     | scraper | ==================================================
2026-05-29 10:44:10 | INFO     | scraper | BID TYPE: Service Bid/RAs
2026-05-29 10:44:10 | INFO     | scraper | ==================================================
2026-05-29 10:44:20 | INFO     | scraper |   Page 1 | Collected 0/5
2026-05-29 10:44:20 | INFO     | scraper |   Cards found: 10
2026-05-29 10:44:26 | INFO     | scraper |   [1/5] GEM/2026/B/7489623 | Type: Service | RA: GEM/2026/R/673340 | NEW
2026-05-29 10:44:33 | INFO     | scraper |   [2/5] GEM/2026/B/7364689 | Type: Service | RA: GEM/2026/R/673109 | NEW
2026-05-29 10:44:42 | INFO     | scraper |   [3/5] GEM/2026/B/7402812 | Type: Service | RA: GEM/2026/R/673313 | NEW
2026-05-29 10:44:51 | INFO     | scraper |   [4/5] GEM/2026/B/7233748 | Type: Service | RA: GEM/2026/R/672524 | NEW
2026-05-29 10:44:59 | INFO     | scraper |   [5/5] GEM/2026/B/7086556 | Type: Service | RA: GEM/2026/R/670633 | NEW
2026-05-29 10:45:06 | INFO     | scraper |   DONE 'Service Bid/RAs': scraped=5 | new=5 | errors=0 | 55.7s
2026-05-29 10:45:06 | INFO     | scraper | ==================================================
2026-05-29 10:45:06 | INFO     | scraper | BID TYPE: Bid To RAs
2026-05-29 10:45:06 | INFO     | scraper | ==================================================
2026-05-29 10:45:16 | INFO     | scraper |   Page 1 | Collected 0/5
2026-05-29 10:45:16 | INFO     | scraper |   Cards found: 10
2026-05-29 10:45:21 | INFO     | scraper |   [1/5] GEM/2026/B/7522917 | Type: Bid To RA | RA: GEM/2026/R/673321 | NEW
2026-05-29 10:45:28 | INFO     | scraper |   [2/5] GEM/2026/B/7424557 | Type: Bid To RA | RA: GEM/2026/R/673182 | NEW
2026-05-29 10:45:35 | INFO     | scraper |   [3/5] GEM/2026/B/7439340 | Type: Bid To RA | RA: GEM/2026/R/673229 | NEW
2026-05-29 10:45:42 | INFO     | scraper |   [4/5] GEM/2026/B/7380365 | Type: Bid To RA | RA: GEM/2026/R/673391 | NEW
2026-05-29 10:45:49 | INFO     | scraper |   [5/5] GEM/2026/B/7476070 | Type: Bid To RA | RA: GEM/2026/R/673412 | NEW
2026-05-29 10:45:57 | INFO     | scraper |   DONE 'Bid To RAs': scraped=5 | new=5 | errors=0 | 51.21s
2026-05-29 10:45:57 | INFO     | scraper | ==================================================
2026-05-29 10:45:57 | INFO     | scraper | BID TYPE: Product Custom Bid/RAs
2026-05-29 10:45:57 | INFO     | scraper | ==================================================
2026-05-29 10:46:05 | INFO     | scraper |   Page 1 | Collected 0/5
2026-05-29 10:46:05 | INFO     | scraper |   Cards found: 10
2026-05-29 10:46:12 | INFO     | scraper |   [1/5] GEM/2026/B/7472359 | Type: Product | RA: GEM/2026/R/673322 | NEW
2026-05-29 10:46:20 | INFO     | scraper |   [2/5] GEM/2026/B/7428408 | Type: Product | RA: GEM/2026/R/673403 | NEW
2026-05-29 10:46:28 | INFO     | scraper |   [3/5] GEM/2025/B/6066137 | Type: Product | RA: GEM/2026/R/673319 | NEW
2026-05-29 10:46:34 | INFO     | scraper |   [4/5] GEM/2026/B/7440372 | Type: Product | RA: GEM/2026/R/672895 | NEW
2026-05-29 10:46:42 | INFO     | scraper |   [5/5] GEM/2026/B/7502578 | Type: Product | RA: N/A | NEW
2026-05-29 10:46:49 | INFO     | scraper |   DONE 'Product Custom Bid/RAs': scraped=5 | new=5 | errors=0 | 52.37s
2026-05-29 10:46:49 | INFO     | scraper | ==================================================
2026-05-29 10:46:49 | INFO     | scraper | BID TYPE: BOQ Bids
2026-05-29 10:46:49 | INFO     | scraper | ==================================================
2026-05-29 10:46:57 | INFO     | scraper |   Page 1 | Collected 0/5
2026-05-29 10:46:57 | INFO     | scraper |   Cards found: 10
2026-05-29 10:47:02 | INFO     | scraper |   [1/5] GEM/2026/B/7486487 | Type: BOQ | RA: GEM/2026/R/673158 | NEW
2026-05-29 10:47:17 | INFO     | scraper |   [2/5] GEM/2026/B/7503330 | Type: BOQ | RA: N/A | NEW
2026-05-29 10:47:26 | INFO     | scraper |   [3/5] GEM/2026/B/7500134 | Type: BOQ | RA: N/A | NEW
2026-05-29 10:47:35 | INFO     | scraper |   [4/5] GEM/2026/B/7498652 | Type: BOQ | RA: N/A | NEW
2026-05-29 10:47:43 | INFO     | scraper |   [5/5] GEM/2026/B/7498587 | Type: BOQ | RA: N/A | NEW
2026-05-29 10:47:49 | INFO     | scraper |   DONE 'BOQ Bids': scraped=5 | new=5 | errors=0 | 60.0s
2026-05-29 10:47:49 | INFO     | scraper | ==================================================
2026-05-29 10:47:49 | INFO     | scraper | BID TYPE: Rate Contract Bids
2026-05-29 10:47:49 | INFO     | scraper | ==================================================
2026-05-29 10:47:57 | INFO     | scraper |   Page 1 | Collected 0/5
2026-05-29 10:47:57 | INFO     | scraper |   Cards found: 10
2026-05-29 10:48:04 | INFO     | scraper |   [1/5] GEM/2026/B/7544252 | Type: Rate Contract | RA: N/A | NEW
2026-05-29 10:48:13 | INFO     | scraper |   [2/5] GEM/2026/B/7465759 | Type: Rate Contract | RA: N/A | NEW
2026-05-29 10:48:24 | INFO     | scraper |   [3/5] GEM/2026/B/7514993 | Type: Rate Contract | RA: N/A | NEW
2026-05-29 10:48:33 | INFO     | scraper |   [4/5] GEM/2026/B/7496302 | Type: Rate Contract | RA: N/A | NEW
2026-05-29 10:48:41 | INFO     | scraper |   [5/5] GEM/2026/B/7478455 | Type: Rate Contract | RA: N/A | NEW
2026-05-29 10:48:49 | INFO     | scraper |   DONE 'Rate Contract Bids': scraped=5 | new=5 | errors=0 | 60.07s
2026-05-29 10:48:49 | INFO     | scraper | ==================================================
2026-05-29 10:48:49 | INFO     | scraper | BID TYPE: Global Tender
2026-05-29 10:48:49 | INFO     | scraper | ==================================================
2026-05-29 10:49:00 | INFO     | scraper |   Page 1 | Collected 0/5
2026-05-29 10:49:00 | INFO     | scraper |   Cards found: 9
2026-05-29 10:49:08 | INFO     | scraper |   [1/5] GEM/2026/B/7465807 | Type: Global Tender | RA: N/A | NEW
2026-05-29 10:49:16 | INFO     | scraper |   [2/5] GEM/2026/B/7473435 | Type: Global Tender | RA: N/A | NEW
2026-05-29 10:49:23 | INFO     | scraper |   [3/5] GEM/2026/B/7509648 | Type: Global Tender | RA: N/A | NEW
2026-05-29 10:49:33 | INFO     | scraper |   [4/5] GEM/2026/B/7429899 | Type: Global Tender | RA: N/A | NEW
2026-05-29 10:49:40 | INFO     | scraper |   [5/5] GEM/2026/B/7560028 | Type: Global Tender | RA: N/A | NEW
2026-05-29 10:49:45 | INFO     | scraper |   DONE 'Global Tender': scraped=5 | new=5 | errors=0 | 55.82s
2026-05-29 10:49:45 | INFO     | scraper | ==================================================
2026-05-29 10:49:45 | INFO     | scraper | BID TYPE: Limited Tender
2026-05-29 10:49:45 | INFO     | scraper | ==================================================
2026-05-29 10:49:55 | INFO     | scraper |   Page 1 | Collected 0/5
2026-05-29 10:49:55 | INFO     | scraper |   Cards found: 10
2026-05-29 10:49:59 | INFO     | scraper |   [1/5] GEM/2026/B/7504393 | Type: Limited Tender | RA: N/A | NEW
2026-05-29 10:50:05 | INFO     | scraper |   [2/5] GEM/2026/B/7543353 | Type: Service | RA: N/A | NEW
2026-05-29 10:50:13 | INFO     | scraper |   [3/5] GEM/2026/B/7543288 | Type: Service | RA: N/A | NEW
2026-05-29 10:50:18 | INFO     | scraper |   [4/5] GEM/2026/B/7531199 | Type: Service | RA: N/A | NEW
2026-05-29 10:52:22 | INFO     | scraper | 
2026-05-29 10:52:22 | INFO     | scraper | ============================================================
2026-05-29 10:52:22 | INFO     | scraper | FULL SCRAPE RUN STARTED
2026-05-29 10:52:22 | INFO     | scraper | ============================================================
2026-05-29 10:52:31 | INFO     | scraper | ==================================================
2026-05-29 10:52:31 | INFO     | scraper | BID TYPE: Product Bid/RAs
2026-05-29 10:52:31 | INFO     | scraper | ==================================================
2026-05-29 10:52:46 | INFO     | scraper |   Page 1 | Collected 0/5
2026-05-29 10:52:46 | INFO     | scraper |   Cards found: 10
2026-05-29 10:53:03 | INFO     | scraper |   [1/5] GEM/2026/B/7486487 | Type: Product | RA: GEM/2026/R/673158 | NEW
2026-05-29 10:53:10 | INFO     | scraper |   [2/5] GEM/2026/B/7517509 | Type: Product | RA: N/A | NEW
2026-05-29 10:53:18 | INFO     | scraper |   [3/5] GEM/2026/B/7516749 | Type: Product | RA: N/A | NEW
2026-05-29 10:53:24 | INFO     | scraper |   [4/5] GEM/2026/B/7516594 | Type: Product | RA: N/A | NEW
2026-05-29 10:53:31 | INFO     | scraper |   [5/5] GEM/2026/B/7516335 | Type: Product | RA: N/A | NEW
2026-05-29 10:53:39 | INFO     | scraper |   DONE 'Product Bid/RAs': scraped=5 | new=5 | errors=0 | 67.63s
2026-05-29 10:53:39 | INFO     | scraper | ==================================================
2026-05-29 10:53:39 | INFO     | scraper | BID TYPE: Service Bid/RAs
2026-05-29 10:53:39 | INFO     | scraper | ==================================================
2026-05-29 10:53:55 | INFO     | scraper |   Page 1 | Collected 0/5
2026-05-29 10:53:55 | INFO     | scraper |   Cards found: 10
2026-05-29 10:54:01 | INFO     | scraper |   [1/5] GEM/2026/B/7462344 | Type: Service | RA: N/A | NEW
2026-05-29 10:54:09 | INFO     | scraper |   [2/5] GEM/2026/B/7405837 | Type: Service | RA: N/A | NEW
2026-05-29 10:54:16 | INFO     | scraper |   [3/5] GEM/2025/B/6699132 | Type: Service | RA: N/A | NEW
2026-05-29 10:54:24 | INFO     | scraper |   [4/5] GEM/2026/B/7501386 | Type: Service | RA: N/A | NEW
2026-05-29 10:54:32 | INFO     | scraper |   [5/5] GEM/2026/B/7500802 | Type: Service | RA: N/A | NEW
2026-05-29 10:54:40 | INFO     | scraper |   DONE 'Service Bid/RAs': scraped=5 | new=5 | errors=0 | 61.37s
2026-05-29 10:54:40 | INFO     | scraper | ==================================================
2026-05-29 10:54:40 | INFO     | scraper | BID TYPE: Bid To RAs
2026-05-29 10:54:40 | INFO     | scraper | ==================================================
2026-05-29 10:54:53 | INFO     | scraper |   Page 1 | Collected 0/5
2026-05-29 10:54:53 | INFO     | scraper |   Cards found: 10
2026-05-29 10:54:57 | INFO     | scraper |   [1/5] GEM/2026/B/7499165 | Type: Bid To RA | RA: GEM/2026/R/673437 | NEW
2026-05-29 10:55:04 | INFO     | scraper |   [2/5] GEM/2026/B/7424264 | Type: Bid To RA | RA: GEM/2026/R/673466 | NEW
2026-05-29 10:55:11 | INFO     | scraper |   [3/5] GEM/2026/B/7478220 | Type: Bid To RA | RA: GEM/2026/R/673470 | NEW
2026-05-29 10:55:19 | INFO     | scraper |   [4/5] GEM/2026/B/7471556 | Type: Bid To RA | RA: GEM/2026/R/673428 | NEW
2026-05-29 10:55:25 | INFO     | scraper |   [5/5] GEM/2026/B/7540567 | Type: Bid To RA | RA: GEM/2026/R/673462 | NEW
2026-05-29 10:55:32 | INFO     | scraper |   DONE 'Bid To RAs': scraped=5 | new=5 | errors=0 | 52.07s
2026-05-29 10:55:32 | INFO     | scraper | ==================================================
2026-05-29 10:55:32 | INFO     | scraper | BID TYPE: Product Custom Bid/RAs
2026-05-29 10:55:32 | INFO     | scraper | ==================================================
2026-05-29 10:55:49 | INFO     | scraper |   Page 1 | Collected 0/5
2026-05-29 10:55:49 | INFO     | scraper |   Cards found: 10
2026-05-29 10:55:53 | INFO     | scraper |   [1/5] GEM/2026/B/7502578 | Type: Product | RA: N/A | NEW
2026-05-29 10:55:59 | INFO     | scraper |   [2/5] GEM/2026/B/7500031 | Type: Product | RA: N/A | NEW
2026-05-29 10:56:06 | INFO     | scraper |   [3/5] GEM/2026/B/7463579 | Type: Product | RA: N/A | NEW
2026-05-29 10:56:13 | INFO     | scraper |   [4/5] GEM/2026/B/7460150 | Type: Product | RA: N/A | NEW
2026-05-29 10:56:21 | INFO     | scraper |   [5/5] GEM/2026/B/7453006 | Type: Product | RA: N/A | NEW
2026-05-29 10:56:28 | INFO     | scraper |   DONE 'Product Custom Bid/RAs': scraped=5 | new=5 | errors=0 | 55.67s
2026-05-29 10:56:28 | INFO     | scraper | ==================================================
2026-05-29 10:56:28 | INFO     | scraper | BID TYPE: BOQ Bids
2026-05-29 10:56:28 | INFO     | scraper | ==================================================
2026-05-29 10:56:43 | INFO     | scraper |   Page 1 | Collected 0/5
2026-05-29 10:56:43 | INFO     | scraper |   Cards found: 10
2026-05-29 10:56:49 | INFO     | scraper |   [1/5] GEM/2026/B/7508186 | Type: BOQ | RA: N/A | NEW
2026-05-29 10:56:57 | INFO     | scraper |   [2/5] GEM/2026/B/7502046 | Type: BOQ | RA: N/A | NEW
2026-05-29 10:57:05 | INFO     | scraper |   [3/5] GEM/2026/B/7492967 | Type: BOQ | RA: N/A | NEW
2026-05-29 10:57:12 | INFO     | scraper |   [4/5] GEM/2026/B/7492689 | Type: BOQ | RA: N/A | NEW
2026-05-29 10:57:22 | INFO     | scraper |   [5/5] GEM/2026/B/7503330 | Type: BOQ | RA: N/A | NEW
2026-05-29 10:57:29 | INFO     | scraper |   DONE 'BOQ Bids': scraped=5 | new=5 | errors=0 | 60.74s
2026-05-29 10:57:29 | INFO     | scraper | ==================================================
2026-05-29 10:57:29 | INFO     | scraper | BID TYPE: Rate Contract Bids
2026-05-29 10:57:29 | INFO     | scraper | ==================================================
2026-05-29 10:57:43 | INFO     | scraper |   Page 1 | Collected 0/5
2026-05-29 10:57:43 | INFO     | scraper |   Cards found: 10
2026-05-29 10:57:48 | INFO     | scraper |   [1/5] GEM/2026/B/7544252 | Type: Rate Contract | RA: N/A | NEW
2026-05-29 10:57:53 | INFO     | scraper |   [2/5] GEM/2026/B/7465759 | Type: Rate Contract | RA: N/A | NEW
2026-05-29 10:58:00 | INFO     | scraper |   [3/5] GEM/2026/B/7514993 | Type: Rate Contract | RA: N/A | NEW
2026-05-29 10:58:07 | INFO     | scraper |   [4/5] GEM/2026/B/7496302 | Type: Rate Contract | RA: N/A | NEW
2026-05-29 10:58:13 | INFO     | scraper |   [5/5] GEM/2026/B/7478455 | Type: Rate Contract | RA: N/A | NEW
2026-05-29 10:58:21 | INFO     | scraper |   DONE 'Rate Contract Bids': scraped=5 | new=5 | errors=0 | 51.84s
2026-05-29 10:58:21 | INFO     | scraper | ==================================================
2026-05-29 10:58:21 | INFO     | scraper | BID TYPE: Global Tender
2026-05-29 10:58:21 | INFO     | scraper | ==================================================
2026-05-29 10:58:34 | INFO     | scraper |   Page 1 | Collected 0/5
2026-05-29 10:58:34 | INFO     | scraper |   Cards found: 9
2026-05-29 10:58:39 | INFO     | scraper |   [1/5] GEM/2026/B/7465807 | Type: Global Tender | RA: N/A | NEW
2026-05-29 10:58:46 | INFO     | scraper |   [2/5] GEM/2026/B/7473435 | Type: Global Tender | RA: N/A | NEW
2026-05-29 10:58:53 | INFO     | scraper |   [3/5] GEM/2026/B/7509648 | Type: Global Tender | RA: N/A | NEW
2026-05-29 10:58:59 | INFO     | scraper |   [4/5] GEM/2026/B/7429899 | Type: Global Tender | RA: N/A | NEW
2026-05-29 10:59:06 | INFO     | scraper |   [5/5] GEM/2026/B/7560028 | Type: Global Tender | RA: N/A | NEW
2026-05-29 10:59:14 | INFO     | scraper |   DONE 'Global Tender': scraped=5 | new=5 | errors=0 | 52.76s
2026-05-29 10:59:14 | INFO     | scraper | ==================================================
2026-05-29 10:59:14 | INFO     | scraper | BID TYPE: Limited Tender
2026-05-29 10:59:14 | INFO     | scraper | ==================================================
2026-05-29 10:59:26 | INFO     | scraper |   Page 1 | Collected 0/5
2026-05-29 10:59:26 | INFO     | scraper |   Cards found: 10
2026-05-29 10:59:31 | INFO     | scraper |   [1/5] GEM/2026/B/7543353 | Type: Service | RA: N/A | NEW
2026-05-29 10:59:38 | INFO     | scraper |   [2/5] GEM/2026/B/7543288 | Type: Service | RA: N/A | NEW
2026-05-29 10:59:45 | INFO     | scraper |   [3/5] GEM/2026/B/7531199 | Type: Service | RA: N/A | NEW
2026-05-29 10:59:51 | INFO     | scraper |   [4/5] GEM/2026/B/7571573 | Type: Service | RA: N/A | NEW
2026-05-29 10:59:57 | INFO     | scraper |   [5/5] GEM/2026/B/7552151 | Type: Service | RA: N/A | NEW
2026-05-29 11:00:05 | INFO     | scraper |   DONE 'Limited Tender': scraped=5 | new=5 | errors=0 | 51.55s
2026-05-29 11:00:05 | INFO     | scraper | ==================================================
2026-05-29 11:00:05 | INFO     | scraper | BID TYPE: Single Tender
2026-05-29 11:00:05 | INFO     | scraper | ==================================================
2026-05-29 11:00:21 | INFO     | scraper |   Page 1 | Collected 0/5
2026-05-29 11:00:21 | INFO     | scraper |   Cards found: 10
2026-05-29 11:00:26 | INFO     | scraper |   [1/5] GEM/2026/B/7529289 | Type: Single Tender | RA: N/A | NEW
2026-05-29 11:00:35 | INFO     | scraper |   [2/5] GEM/2026/B/7488019 | Type: Single Tender | RA: N/A | NEW
2026-05-29 11:00:40 | INFO     | scraper |   [3/5] GEM/2026/B/7499828 | Type: Single Tender | RA: N/A | NEW
2026-05-29 11:00:46 | INFO     | scraper |   [4/5] GEM/2026/B/7473234 | Type: Single Tender | RA: N/A | NEW
2026-05-29 11:00:52 | INFO     | scraper |   [5/5] GEM/2026/B/7520648 | Type: Single Tender | RA: N/A | NEW
2026-05-29 11:01:00 | INFO     | scraper |   DONE 'Single Tender': scraped=5 | new=5 | errors=0 | 54.63s
2026-05-29 11:01:00 | INFO     | scraper | 
2026-05-29 11:01:00 | INFO     | scraper | ============================================================
2026-05-29 11:01:00 | INFO     | scraper | RUN COMPLETE | Scraped: 45 | New: 45 | Errors: 0 | Total in DB: 45
2026-05-29 11:01:00 | INFO     | scraper | ============================================================
2026-05-29 14:18:44 | INFO     | scraper | 
2026-05-29 14:18:44 | INFO     | scraper | ============================================================
2026-05-29 14:18:44 | INFO     | scraper | FULL SCRAPE RUN STARTED
2026-05-29 14:18:44 | INFO     | scraper | ============================================================
2026-05-29 14:18:59 | INFO     | scraper | ==================================================
2026-05-29 14:18:59 | INFO     | scraper | BID TYPE: Product Bid/RAs
2026-05-29 14:18:59 | INFO     | scraper | ==================================================
2026-05-29 14:19:13 | INFO     | scraper |   Page 1 | Collected 0/5
2026-05-29 14:19:13 | INFO     | scraper |   Cards found: 10
2026-05-29 14:19:49 | INFO     | scraper |   [1/5] GEM/2026/B/7463764 | Type: Product | RA: GEM/2026/R/673635 | NEW
2026-05-29 14:19:57 | INFO     | scraper |   [2/5] GEM/2026/B/7549045 | Type: Product | RA: GEM/2026/R/673536 | NEW
2026-05-29 14:20:03 | INFO     | scraper |   [3/5] GEM/2026/B/7324059 | Type: Product | RA: GEM/2026/R/673499 | NEW
2026-05-29 14:20:11 | INFO     | scraper |   [4/5] GEM/2026/B/7556613 | Type: Product | RA: GEM/2026/R/673542 | NEW
2026-05-29 14:20:19 | INFO     | scraper |   [5/5] GEM/2026/B/7457889 | Type: Product | RA: GEM/2026/R/673435 | NEW
2026-05-29 14:20:24 | INFO     | scraper |   DONE 'Product Bid/RAs': scraped=5 | new=5 | errors=0 | 85.15s
2026-05-29 14:20:24 | INFO     | scraper | ==================================================
2026-05-29 14:20:24 | INFO     | scraper | BID TYPE: Service Bid/RAs
2026-05-29 14:20:24 | INFO     | scraper | ==================================================
2026-05-29 14:20:38 | INFO     | scraper |   Page 1 | Collected 0/5
2026-05-29 14:20:38 | INFO     | scraper |   Cards found: 10
2026-05-29 14:20:46 | INFO     | scraper |   [1/5] GEM/2026/B/7526808 | Type: Service | RA: GEM/2026/R/673645 | NEW
2026-05-29 14:20:54 | INFO     | scraper |   [2/5] GEM/2026/B/7506290 | Type: Service | RA: GEM/2026/R/673477 | NEW
2026-05-29 14:21:01 | INFO     | scraper |   [3/5] GEM/2026/B/7533191 | Type: Service | RA: GEM/2026/R/673589 | NEW
2026-05-29 14:21:08 | INFO     | scraper |   [4/5] GEM/2026/B/7455537 | Type: Service | RA: GEM/2026/R/673655 | NEW
2026-05-29 14:21:15 | INFO     | scraper |   [5/5] GEM/2026/B/7414313 | Type: Service | RA: GEM/2026/R/673601 | NEW
2026-05-29 14:21:22 | INFO     | scraper |   DONE 'Service Bid/RAs': scraped=5 | new=5 | errors=0 | 57.72s
2026-05-29 14:21:22 | INFO     | scraper | ==================================================
2026-05-29 14:21:22 | INFO     | scraper | BID TYPE: Bid To RAs
2026-05-29 14:21:22 | INFO     | scraper | ==================================================
2026-05-29 14:21:36 | INFO     | scraper |   Page 1 | Collected 0/5
2026-05-29 14:21:36 | INFO     | scraper |   Cards found: 10
2026-05-29 14:21:42 | INFO     | scraper |   [1/5] GEM/2026/B/7549614 | Type: Bid To RA | RA: GEM/2026/R/673596 | NEW
2026-05-29 14:21:51 | INFO     | scraper |   [2/5] GEM/2026/B/7482374 | Type: Bid To RA | RA: GEM/2026/R/673472 | NEW
2026-05-29 14:21:58 | INFO     | scraper |   [3/5] GEM/2026/B/7218587 | Type: Bid To RA | RA: GEM/2026/R/673273 | NEW
2026-05-29 14:22:08 | INFO     | scraper |   [4/5] GEM/2026/B/7335937 | Type: Bid To RA | RA: GEM/2026/R/672941 | NEW
2026-05-29 14:22:14 | INFO     | scraper |   Page 2 | Collected 4/5
2026-05-29 14:22:14 | INFO     | scraper |   Cards found: 10
2026-05-29 14:22:20 | INFO     | scraper |   [5/5] GEM/2026/B/7563222 | Type: Bid To RA | RA: GEM/2026/R/673478 | NEW
2026-05-29 14:22:26 | INFO     | scraper |   DONE 'Bid To RAs': scraped=5 | new=5 | errors=0 | 64.65s
2026-05-29 14:22:26 | INFO     | scraper | ==================================================
2026-05-29 14:22:26 | INFO     | scraper | BID TYPE: Product Custom Bid/RAs
2026-05-29 14:22:26 | INFO     | scraper | ==================================================
2026-05-29 14:22:42 | INFO     | scraper |   Page 1 | Collected 0/5
2026-05-29 14:22:42 | INFO     | scraper |   Cards found: 10
2026-05-29 14:22:48 | INFO     | scraper |   [1/5] GEM/2026/B/7439340 | Type: Product | RA: GEM/2026/R/673229 | NEW
2026-05-29 14:22:57 | INFO     | scraper |   [2/5] GEM/2025/B/6909377 | Type: Product | RA: GEM/2026/R/673650 | NEW
2026-05-29 14:23:05 | INFO     | scraper |   [3/5] GEM/2026/B/7380365 | Type: Product | RA: GEM/2026/R/673391 | NEW
2026-05-29 14:23:13 | INFO     | scraper |   [4/5] GEM/2026/B/7473585 | Type: Product | RA: GEM/2026/R/672982 | NEW
2026-05-29 14:23:22 | INFO     | scraper |   [5/5] GEM/2026/B/7239254 | Type: Product | RA: GEM/2026/R/673583 | NEW
2026-05-29 14:23:30 | INFO     | scraper |   DONE 'Product Custom Bid/RAs': scraped=5 | new=5 | errors=0 | 63.96s
2026-05-29 14:23:30 | INFO     | scraper | ==================================================
2026-05-29 14:23:30 | INFO     | scraper | BID TYPE: BOQ Bids
2026-05-29 14:23:30 | INFO     | scraper | ==================================================
2026-05-29 14:23:46 | INFO     | scraper |   Page 1 | Collected 0/5
2026-05-29 14:23:46 | INFO     | scraper |   Cards found: 10
2026-05-29 14:23:53 | INFO     | scraper |   [1/5] GEM/2026/B/7403302 | Type: BOQ | RA: GEM/2026/R/673568 | NEW
2026-05-29 14:24:00 | INFO     | scraper |   [2/5] GEM/2026/B/7386008 | Type: BOQ | RA: GEM/2026/R/673628 | NEW
2026-05-29 14:24:20 | INFO     | scraper |   [3/5] GEM/2026/B/7389632 | Type: BOQ | RA: GEM/2026/R/672715 | NEW
2026-05-29 14:24:28 | INFO     | scraper |   [4/5] GEM/2026/B/7534659 | Type: BOQ | RA: GEM/2026/R/673607 | NEW
2026-05-29 14:24:36 | INFO     | scraper |   [5/5] GEM/2026/B/7105734 | Type: BOQ | RA: GEM/2026/R/673615 | NEW
2026-05-29 14:24:42 | INFO     | scraper |   DONE 'BOQ Bids': scraped=5 | new=5 | errors=0 | 72.12s
2026-05-29 14:24:42 | INFO     | scraper | ==================================================
2026-05-29 14:24:42 | INFO     | scraper | BID TYPE: Rate Contract Bids
2026-05-29 14:24:42 | INFO     | scraper | ==================================================
2026-05-29 14:24:55 | INFO     | scraper |   Page 1 | Collected 0/5
2026-05-29 14:24:55 | INFO     | scraper |   Cards found: 10
2026-05-29 14:25:00 | INFO     | scraper |   [1/5] GEM/2026/B/7465759 | Type: Rate Contract | RA: N/A | NEW
2026-05-29 14:25:08 | INFO     | scraper |   [2/5] GEM/2026/B/7514993 | Type: Rate Contract | RA: N/A | NEW
2026-05-29 14:25:16 | INFO     | scraper |   [3/5] GEM/2026/B/7496302 | Type: Rate Contract | RA: N/A | NEW
2026-05-29 14:25:25 | INFO     | scraper |   [4/5] GEM/2026/B/7478455 | Type: Rate Contract | RA: N/A | NEW
2026-05-29 14:25:35 | INFO     | scraper |   [5/5] GEM/2026/B/7479402 | Type: Rate Contract | RA: N/A | NEW
2026-05-29 14:25:42 | INFO     | scraper |   DONE 'Rate Contract Bids': scraped=5 | new=5 | errors=0 | 59.05s
2026-05-29 14:25:42 | INFO     | scraper | ==================================================
2026-05-29 14:25:42 | INFO     | scraper | BID TYPE: Global Tender
2026-05-29 14:25:42 | INFO     | scraper | ==================================================
2026-05-29 14:25:56 | INFO     | scraper |   Page 1 | Collected 0/5
2026-05-29 14:25:56 | INFO     | scraper |   Cards found: 9
2026-05-29 14:26:03 | INFO     | scraper |   [1/5] GEM/2026/B/7465807 | Type: Global Tender | RA: N/A | NEW
2026-05-29 14:26:09 | INFO     | scraper |   [2/5] GEM/2026/B/7473435 | Type: Global Tender | RA: N/A | NEW
2026-05-29 14:26:16 | INFO     | scraper |   [3/5] GEM/2026/B/7509648 | Type: Global Tender | RA: N/A | NEW
2026-05-29 14:26:24 | INFO     | scraper |   [4/5] GEM/2026/B/7429899 | Type: Global Tender | RA: N/A | NEW
2026-05-29 14:26:32 | INFO     | scraper |   [5/5] GEM/2026/B/7560028 | Type: Global Tender | RA: N/A | NEW
2026-05-29 14:26:38 | INFO     | scraper |   DONE 'Global Tender': scraped=5 | new=5 | errors=0 | 56.52s
2026-05-29 14:26:38 | INFO     | scraper | ==================================================
2026-05-29 14:26:38 | INFO     | scraper | BID TYPE: Limited Tender
2026-05-29 14:26:38 | INFO     | scraper | ==================================================
2026-05-29 14:26:51 | INFO     | scraper |   Page 1 | Collected 0/5
2026-05-29 14:26:51 | INFO     | scraper |   Cards found: 10
2026-05-29 14:26:56 | INFO     | scraper |   [1/5] GEM/2026/B/7503471 | Type: Limited Tender | RA: N/A | NEW
2026-05-29 14:27:03 | INFO     | scraper |   [2/5] GEM/2026/B/7490903 | Type: Limited Tender | RA: N/A | NEW
2026-05-29 14:27:10 | INFO     | scraper |   [3/5] GEM/2026/B/7500136 | Type: Limited Tender | RA: N/A | NEW
2026-05-29 14:27:18 | INFO     | scraper |   [4/5] GEM/2026/B/7498207 | Type: Limited Tender | RA: N/A | NEW
2026-05-29 14:27:25 | INFO     | scraper |   [5/5] GEM/2026/B/7548266 | Type: Limited Tender | RA: N/A | NEW
2026-05-29 14:27:31 | INFO     | scraper |   DONE 'Limited Tender': scraped=5 | new=5 | errors=0 | 53.06s
2026-05-29 14:27:31 | INFO     | scraper | ==================================================
2026-05-29 14:27:31 | INFO     | scraper | BID TYPE: Single Tender
2026-05-29 14:27:31 | INFO     | scraper | ==================================================
2026-05-29 14:27:44 | INFO     | scraper |   Page 1 | Collected 0/5
2026-05-29 14:27:44 | INFO     | scraper |   Cards found: 10
2026-05-29 14:27:49 | INFO     | scraper |   [1/5] GEM/2026/B/7492127 | Type: Single Tender | RA: N/A | NEW
2026-05-29 14:27:58 | INFO     | scraper |   [2/5] GEM/2026/B/7491207 | Type: Single Tender | RA: N/A | NEW
2026-05-29 14:28:06 | INFO     | scraper |   [3/5] GEM/2026/B/7518621 | Type: Single Tender | RA: N/A | NEW
2026-05-29 14:28:13 | INFO     | scraper |   [4/5] GEM/2026/B/7546233 | Type: Single Tender | RA: N/A | NEW
2026-05-29 14:28:20 | INFO     | scraper |   [5/5] GEM/2026/B/7546103 | Type: Single Tender | RA: N/A | NEW
2026-05-29 14:28:25 | INFO     | scraper |   DONE 'Single Tender': scraped=5 | new=5 | errors=0 | 54.15s
2026-05-29 14:28:25 | INFO     | scraper | 
2026-05-29 14:28:25 | INFO     | scraper | ============================================================
2026-05-29 14:28:25 | INFO     | scraper | RUN COMPLETE | Scraped: 45 | New: 45 | Errors: 0 | Total in DB: 45
2026-05-29 14:28:25 | INFO     | scraper | ============================================================
2026-05-29 15:36:49 | INFO     | scraper | 
2026-05-29 15:36:49 | INFO     | scraper | ============================================================
2026-05-29 15:36:49 | INFO     | scraper | FULL SCRAPE RUN STARTED
2026-05-29 15:36:49 | INFO     | scraper | ============================================================
2026-05-29 15:37:02 | INFO     | scraper | ==================================================
2026-05-29 15:37:02 | INFO     | scraper | BID TYPE: Product Bid/RAs
2026-05-29 15:37:02 | INFO     | scraper | ==================================================
2026-05-29 15:37:18 | INFO     | scraper |   Page 1 | Collected 0/1
2026-05-29 15:37:18 | INFO     | scraper |   Cards found: 10
2026-05-29 15:37:49 | INFO     | scraper |   [1/1] GEM/2026/B/7549614 | Type: Product | RA: GEM/2026/R/673596 | NEW
2026-05-29 15:37:57 | INFO     | scraper |   DONE 'Product Bid/RAs': scraped=1 | new=1 | errors=0 | 54.91s
2026-05-29 15:37:57 | INFO     | scraper | ==================================================
2026-05-29 15:37:57 | INFO     | scraper | BID TYPE: Service Bid/RAs
2026-05-29 15:37:57 | INFO     | scraper | ==================================================
2026-05-29 15:38:13 | INFO     | scraper |   Page 1 | Collected 0/1
2026-05-29 15:38:13 | INFO     | scraper |   Cards found: 10
2026-05-29 15:38:18 | INFO     | scraper |   [1/1] GEM/2026/B/7478561 | Type: Service | RA: GEM/2026/R/673688 | NEW
2026-05-29 15:38:26 | INFO     | scraper |   DONE 'Service Bid/RAs': scraped=1 | new=1 | errors=0 | 29.49s
2026-05-29 15:38:26 | INFO     | scraper | ==================================================
2026-05-29 15:38:26 | INFO     | scraper | BID TYPE: Bid To RAs
2026-05-29 15:38:26 | INFO     | scraper | ==================================================
2026-05-29 15:38:39 | INFO     | scraper |   Page 1 | Collected 0/1
2026-05-29 15:38:39 | INFO     | scraper |   Cards found: 10
2026-05-29 15:38:43 | INFO     | scraper |   [1/1] GEM/2026/B/7374550 | Type: Bid To RA | RA: GEM/2026/R/673664 | NEW
2026-05-29 15:38:51 | INFO     | scraper |   DONE 'Bid To RAs': scraped=1 | new=1 | errors=0 | 25.2s
2026-05-29 15:38:51 | INFO     | scraper | ==================================================
2026-05-29 15:38:51 | INFO     | scraper | BID TYPE: Product Custom Bid/RAs
2026-05-29 15:38:51 | INFO     | scraper | ==================================================
2026-05-29 15:39:06 | INFO     | scraper |   Page 1 | Collected 0/1
2026-05-29 15:39:06 | INFO     | scraper |   Cards found: 10
2026-05-29 15:39:10 | INFO     | scraper |   [1/1] GEM/2026/B/7352222 | Type: Product | RA: GEM/2026/R/673614 | NEW
2026-05-29 15:39:18 | INFO     | scraper |   DONE 'Product Custom Bid/RAs': scraped=1 | new=1 | errors=0 | 26.19s
2026-05-29 15:39:18 | INFO     | scraper | ==================================================
2026-05-29 15:39:18 | INFO     | scraper | BID TYPE: BOQ Bids
2026-05-29 15:39:18 | INFO     | scraper | ==================================================
2026-05-29 15:39:31 | INFO     | scraper |   Page 1 | Collected 0/1
2026-05-29 15:39:31 | INFO     | scraper |   Cards found: 10
2026-05-29 15:39:37 | INFO     | scraper |   [1/1] GEM/2026/B/7403302 | Type: BOQ | RA: GEM/2026/R/673568 | NEW
2026-05-29 15:39:44 | INFO     | scraper |   DONE 'BOQ Bids': scraped=1 | new=1 | errors=0 | 26.66s
2026-05-29 15:39:44 | INFO     | scraper | ==================================================
2026-05-29 15:39:44 | INFO     | scraper | BID TYPE: Rate Contract Bids
2026-05-29 15:39:44 | INFO     | scraper | ==================================================
2026-05-29 15:40:00 | INFO     | scraper |   Page 1 | Collected 0/1
2026-05-29 15:40:00 | INFO     | scraper |   Cards found: 10
2026-05-29 15:40:05 | INFO     | scraper |   [1/1] GEM/2026/B/7514993 | Type: Rate Contract | RA: N/A | NEW
2026-05-29 15:40:12 | INFO     | scraper |   DONE 'Rate Contract Bids': scraped=1 | new=1 | errors=0 | 27.96s
2026-05-29 15:40:12 | INFO     | scraper | ==================================================
2026-05-29 15:40:12 | INFO     | scraper | BID TYPE: Global Tender
2026-05-29 15:40:12 | INFO     | scraper | ==================================================
2026-05-29 15:40:28 | INFO     | scraper |   Page 1 | Collected 0/1
2026-05-29 15:40:28 | INFO     | scraper |   Cards found: 9
2026-05-29 15:40:33 | INFO     | scraper |   [1/1] GEM/2026/B/7465807 | Type: Global Tender | RA: N/A | NEW
2026-05-29 15:40:41 | INFO     | scraper |   DONE 'Global Tender': scraped=1 | new=1 | errors=0 | 28.21s
2026-05-29 15:40:41 | INFO     | scraper | ==================================================
2026-05-29 15:40:41 | INFO     | scraper | BID TYPE: Limited Tender
2026-05-29 15:40:41 | INFO     | scraper | ==================================================
2026-05-29 15:40:54 | INFO     | scraper |   Page 1 | Collected 0/1
2026-05-29 15:40:54 | INFO     | scraper |   Cards found: 10
2026-05-29 15:40:59 | INFO     | scraper |   [1/1] GEM/2026/B/7457889 | Type: Limited Tender | RA: GEM/2026/R/673435 | NEW
2026-05-29 15:41:07 | INFO     | scraper |   DONE 'Limited Tender': scraped=1 | new=1 | errors=0 | 26.0s
2026-05-29 15:41:07 | INFO     | scraper | ==================================================
2026-05-29 15:41:07 | INFO     | scraper | BID TYPE: Single Tender
2026-05-29 15:41:07 | INFO     | scraper | ==================================================
2026-05-29 15:41:20 | INFO     | scraper |   Page 1 | Collected 0/1
2026-05-29 15:41:20 | INFO     | scraper |   Cards found: 10
2026-05-29 15:41:26 | INFO     | scraper |   [1/1] GEM/2026/B/7513226 | Type: Single Tender | RA: N/A | NEW
2026-05-29 15:41:34 | INFO     | scraper |   DONE 'Single Tender': scraped=1 | new=1 | errors=0 | 27.08s
2026-05-29 15:41:34 | INFO     | scraper | 
2026-05-29 15:41:34 | INFO     | scraper | ============================================================
2026-05-29 15:41:34 | INFO     | scraper | RUN COMPLETE | Scraped: 9 | New: 9 | Errors: 0 | Total in DB: 9
2026-05-29 15:41:34 | INFO     | scraper | ============================================================
2026-05-29 16:01:05 | INFO     | scraper | 
2026-05-29 16:01:05 | INFO     | scraper | ============================================================
2026-05-29 16:01:05 | INFO     | scraper | FULL SCRAPE RUN STARTED
2026-05-29 16:01:05 | INFO     | scraper | ============================================================
2026-05-29 16:01:19 | INFO     | scraper | ==================================================
2026-05-29 16:01:19 | INFO     | scraper | BID TYPE: Product Bid/RAs
2026-05-29 16:01:19 | INFO     | scraper | ==================================================
2026-05-29 16:01:34 | INFO     | scraper |   Page 1 | Collected 0/1
2026-05-29 16:01:34 | INFO     | scraper |   Cards found: 10
2026-05-29 16:02:06 | INFO     | scraper |   [1/1] GEM/2025/B/6687707 | Type: Product | RA: GEM/2026/R/673725 | NEW
2026-05-29 16:02:11 | INFO     | scraper |   DONE 'Product Bid/RAs': scraped=1 | new=1 | errors=0 | 52.59s
2026-05-29 16:02:11 | INFO     | scraper | ==================================================
2026-05-29 16:02:11 | INFO     | scraper | BID TYPE: Service Bid/RAs
2026-05-29 16:02:11 | INFO     | scraper | ==================================================
2026-05-29 16:02:26 | INFO     | scraper |   Page 1 | Collected 0/1
2026-05-29 16:02:26 | INFO     | scraper |   Cards found: 10
2026-05-29 16:02:30 | INFO     | scraper |   [1/1] GEM/2026/B/7500982 | Type: Service | RA: GEM/2026/R/673707 | NEW
2026-05-29 16:02:36 | INFO     | scraper |   DONE 'Service Bid/RAs': scraped=1 | new=1 | errors=0 | 25.07s
2026-05-29 16:02:36 | INFO     | scraper | ==================================================
2026-05-29 16:02:36 | INFO     | scraper | BID TYPE: Bid To RAs
2026-05-29 16:02:36 | INFO     | scraper | ==================================================
2026-05-29 16:02:53 | INFO     | scraper |   Page 1 | Collected 0/1
2026-05-29 16:02:53 | INFO     | scraper |   Cards found: 10
2026-05-29 16:03:03 | INFO     | scraper |   [1/1] GEM/2026/B/7496145 | Type: Bid To RA | RA: GEM/2026/R/673714 | NEW
2026-05-29 16:03:09 | INFO     | scraper |   DONE 'Bid To RAs': scraped=1 | new=1 | errors=0 | 32.15s
2026-05-29 16:03:09 | INFO     | scraper | ==================================================
2026-05-29 16:03:09 | INFO     | scraper | BID TYPE: Product Custom Bid/RAs
2026-05-29 16:03:09 | INFO     | scraper | ==================================================
2026-05-29 16:03:23 | INFO     | scraper |   Page 1 | Collected 0/1
2026-05-29 16:03:23 | INFO     | scraper |   Cards found: 10
2026-05-29 16:03:30 | INFO     | scraper |   [1/1] GEM/2025/B/6670870 | Type: Product | RA: GEM/2026/R/673308 | NEW
2026-05-29 16:03:36 | INFO     | scraper |   DONE 'Product Custom Bid/RAs': scraped=1 | new=1 | errors=0 | 27.28s
2026-05-29 16:03:36 | INFO     | scraper | ==================================================
2026-05-29 16:03:36 | INFO     | scraper | BID TYPE: BOQ Bids
2026-05-29 16:03:36 | INFO     | scraper | ==================================================
2026-05-29 16:03:51 | INFO     | scraper |   Page 1 | Collected 0/1
2026-05-29 16:03:51 | INFO     | scraper |   Cards found: 10
2026-05-29 16:03:56 | INFO     | scraper |   [1/1] GEM/2026/B/7316090 | Type: BOQ | RA: GEM/2026/R/673226 | NEW
2026-05-29 16:04:03 | INFO     | scraper |   DONE 'BOQ Bids': scraped=1 | new=1 | errors=0 | 26.83s
2026-05-29 16:04:03 | INFO     | scraper | ==================================================
2026-05-29 16:04:03 | INFO     | scraper | BID TYPE: Rate Contract Bids
2026-05-29 16:04:03 | INFO     | scraper | ==================================================
2026-05-29 16:04:17 | INFO     | scraper |   Page 1 | Collected 0/1
2026-05-29 16:04:17 | INFO     | scraper |   Cards found: 10
2026-05-29 16:04:27 | INFO     | scraper |   [1/1] GEM/2026/B/7514993 | Type: Rate Contract | RA: N/A | NEW
2026-05-29 16:04:32 | INFO     | scraper |   DONE 'Rate Contract Bids': scraped=1 | new=1 | errors=0 | 29.31s
2026-05-29 16:04:32 | INFO     | scraper | ==================================================
2026-05-29 16:04:32 | INFO     | scraper | BID TYPE: Global Tender
2026-05-29 16:04:32 | INFO     | scraper | ==================================================
2026-05-29 16:04:45 | INFO     | scraper |   Page 1 | Collected 0/1
2026-05-29 16:04:45 | INFO     | scraper |   Cards found: 9
2026-05-29 16:04:54 | INFO     | scraper |   [1/1] GEM/2026/B/7465807 | Type: Global Tender | RA: N/A | NEW
2026-05-29 16:05:00 | INFO     | scraper |   DONE 'Global Tender': scraped=1 | new=1 | errors=0 | 28.11s
2026-05-29 16:05:00 | INFO     | scraper | ==================================================
2026-05-29 16:05:00 | INFO     | scraper | BID TYPE: Limited Tender
2026-05-29 16:05:00 | INFO     | scraper | ==================================================
2026-05-29 16:05:12 | INFO     | scraper |   Page 1 | Collected 0/1
2026-05-29 16:05:12 | INFO     | scraper |   Cards found: 10
2026-05-29 16:05:19 | INFO     | scraper |   [1/1] GEM/2026/B/7457889 | Type: Limited Tender | RA: GEM/2026/R/673435 | NEW
2026-05-29 16:05:26 | INFO     | scraper |   DONE 'Limited Tender': scraped=1 | new=1 | errors=0 | 25.76s
2026-05-29 16:05:26 | INFO     | scraper | ==================================================
2026-05-29 16:05:26 | INFO     | scraper | BID TYPE: Single Tender
2026-05-29 16:05:26 | INFO     | scraper | ==================================================
2026-05-29 16:05:41 | INFO     | scraper |   Page 1 | Collected 0/1
2026-05-29 16:05:41 | INFO     | scraper |   Cards found: 10
2026-05-29 16:05:45 | INFO     | scraper |   [1/1] GEM/2026/B/7504415 | Type: Single Tender | RA: N/A | NEW
2026-05-29 16:05:52 | INFO     | scraper |   DONE 'Single Tender': scraped=1 | new=1 | errors=0 | 26.32s
2026-05-29 16:05:52 | INFO     | scraper | 
2026-05-29 16:05:52 | INFO     | scraper | ============================================================
2026-05-29 16:05:52 | INFO     | scraper | RUN COMPLETE | Scraped: 9 | New: 9 | Errors: 0 | Total in DB: 9
2026-05-29 16:05:52 | INFO     | scraper | ============================================================
